,StartDate,EndDate,Duration..in.seconds.,RecordedDate,LocationLatitude,LocationLongitude,Poor,Usage,Texas,California,Alaska,Satisfaction,Intuitiveness,Gender,Age,Latino,Race,Education,Married,Employment,Income,Handedness,Zipcode,MTurkCode,MapClicks,DropClicks,Time1,Time2,Time3
R_2fqTQxrkupFyDC7,4/11/19 10:51,4/11/19 11:05,849,4/11/19 11:05,13.08430481,80.28048706,0,26-10-32344-52089-190940-L,No,Yes,Yes,Moderately satisfied,Extremely intuitive,Male,25 - 34,Yes,Other,4 year degree,Never married,Employed full time,"Less than $10,000",Right,,6296945,26,10,32344,52089,190940
R_3dG2CFSreXfZIwr,4/11/19 11:01,4/11/19 11:10,526,4/11/19 11:10,26.18330383,91.73330688,2,0-5-23027-18533-15960-L,Yes,Yes,Yes,Extremely satisfied,Extremely intuitive,Male,25 - 34,No,Asian,4 year degree,Married,Employed part time,"$10,000 - $19,999",Right,na,303308,0,5,23027,18533,15960
R_1Ftim0cY3TjJg8W,4/11/19 10:58,4/11/19 11:12,865,4/11/19 11:12,40.61790466,-73.98560333,2,11-6-16161-12928-390962-R,Yes,Yes,No,Moderately satisfied,Moderately intuitive,Female,18 - 24,No,Asian,4 year degree,Never married,Employed full time,"$90,000 - $99,999",Right,11214,30161721,11,6,16161,12928,390962
R_2xFPg08H9vih4id,4/11/19 11:14,4/11/19 11:16,113,4/11/19 11:16,39.95970154,-75.19950104,2,10-1-18029-24590-23305-L,Yes,Yes,Yes,Extremely dissatisfied,Not intuitive at all,Prefer not to answer,55 - 64,No,White,4 year degree,Never married,Employed full time,"$50,000 - $59,999",Right,19104,34111477,10,1,18029,24590,23305
R_2qsoulOOohC8iEX,4/11/19 11:11,4/11/19 11:19,492,4/11/19 11:19,13.08430481,80.28048706,2,1-2-21001-26968-21689-L,Yes,Yes,Yes,Extremely satisfied,Moderately intuitive,Male,25 - 34,No,White,4 year degree,Married,Employed full time,"$50,000 - $59,999",Right,98271,16334031,1,2,21001,26968,21689
R_12f2G2xStcb3mkC,4/11/19 11:39,4/11/19 11:43,244,4/11/19 11:43,38.79429626,-90.28170013,2,4-2-12082-11845-39733-L,Yes,Yes,Yes,Moderately satisfied,Slightly intuitive,Female,25 - 34,No,White,Some college,Never married,Employed part time,"Less than $10,000",Right,63101,36576443,4,2,12082,11845,39733
R_UclM7ultnwPDK1P,4/11/19 11:30,4/11/19 11:45,886,4/11/19 11:45,52.27380371,8.052093506,2,2-6-24452-10417-386649-L,Yes,Yes,Yes,Moderately satisfied,Very intuitive,Male,25 - 34,No,White,Some college,Never married,Student,"$40,000 - $49,999",Right,na,83140336,2,6,24452,10417,386649
R_3qUJgOhQAcXlrYO,4/11/19 11:39,4/11/19 11:51,767,4/11/19 11:51,13.08430481,80.28048706,2,4-9-18789-20096-1555005038887-L,No,No,Yes,Extremely satisfied,Very intuitive,Male,18 - 24,No,Asian,4 year degree,Never married,Employed full time,"Less than $10,000",Right,na,99855122,4,9,18789,20096,1.55501E+12
R_3KI73PDnIJHb7jr,4/11/19 12:23,4/11/19 12:30,407,4/11/19 12:30,41.82589722,-84.10160065,5,11-1-20897-13829-1555007231577-L,Yes,Yes,Yes,Slightly dissatisfied,Not intuitive at all,Female,25 - 34,No,White,4 year degree,Never married,Employed full time,"$30,000 - $39,999",Left,49289,46754568,11,1,20897,13829,1.55501E+12
R_3nAB4yiqjaidKwM,4/11/19 12:21,4/11/19 12:32,637,4/11/19 12:32,40.76519775,-73.95880127,2,5-1-9681-7356-46657-R,Yes,Yes,Yes,Moderately satisfied,Very intuitive,Female,18 - 24,No,Other,4 year degree,Never married,Employed part time,"$20,000 - $29,999",Left,7030,18662517,5,1,9681,7356,46657
R_3OrnkfVLARr224K,4/11/19 12:28,4/11/19 12:38,579,4/11/19 12:38,10.99099731,76.96670532,0,7-11-11867-28186-24049-R,Yes,Yes,No,Extremely satisfied,Very intuitive,Male,25 - 34,Yes,American Indian or Alaska Native,4 year degree,Never married,Employed full time,"Less than $10,000",Right,32052,22108554,7,11,11867,28186,24049
R_2agzmZwh6Y11Dp9,4/11/19 12:43,4/11/19 12:59,996,4/11/19 12:59,10.99099731,76.96670532,2,2-6-21210-13342-83566-L,No,Yes,No,Moderately satisfied,Very intuitive,Female,25 - 34,No,Asian,Professional degree,Never married,Employed full time,"Less than $10,000",Right,na,84886223,2,6,21210,13342,83566
R_2f2wfEz4PABUyZB,4/11/19 13:33,4/11/19 13:38,308,4/11/19 13:38,32.70930481,-114.4905014,2,2-5-22360-11736-60286-L,Yes,Yes,Yes,Moderately dissatisfied,Not intuitive at all,Male,35 - 44,No,White,4 year degree,Never married,Employed part time,"Less than $10,000",Right,85367,4701950,2,5,22360,11736,60286
R_1Fz7LoSoeOB1y6G,4/11/19 13:34,4/11/19 13:41,425,4/11/19 13:41,45.80819702,9.083206177,19,9-2-34624-14940-1555011466024-L,Yes,Yes,Yes,Moderately satisfied,Slightly intuitive,Female,25 - 34,No,White,4 year degree,Never married,Unemployed looking for work,"$50,000 - $59,999",Right,na,5164143,9,2,34624,14940,1.55501E+12
R_2YKVzDx793UY1BE,4/11/19 13:36,4/11/19 13:42,328,4/11/19 13:42,35.88459778,-78.6384964,2,10-4-16780-9499-1555011497736-L,Yes,Yes,Yes,Moderately dissatisfied,Slightly intuitive,Male,18 - 24,Yes,White,2 year degree,Never married,Unemployed looking for work,"Less than $10,000",Right,27614,20774058,10,4,16780,9499,1.55501E+12
R_1BXW8Tv5lpiQ2nd,4/11/19 13:27,4/11/19 13:43,940,4/11/19 13:43,10.51669312,76.21670532,2,0-5-23329-11090-9808-R,No,No,No,Slightly satisfied,Moderately intuitive,Male,18 - 24,No,Asian,High school graduate,Married,Employed full time,"Less than $10,000",Right,na,83146974,0,5,23329,11090,9808
R_NWGg6gEOhjII14B,4/11/19 14:26,4/11/19 14:32,354,4/11/19 14:32,-22.88639832,-42.02879333,2,6-1-15007-10752-1555014631618-R,No,No,No,Extremely satisfied,Extremely intuitive,Male,25 - 34,Yes,White,4 year degree,Never married,Employed full time,"$40,000 - $49,999",Right,na,22175200,6,1,15007,10752,1.55501E+12
R_1OThEdyjY6OGRls,4/11/19 14:28,4/11/19 14:36,468,4/11/19 14:36,29.83650208,-95.43630219,2,0-7-11554-18713-1555014725085-L,Yes,Yes,Yes,Moderately satisfied,Moderately intuitive,Male,18 - 24,No,Asian,Some college,Never married,Student,"$60,000 - $69,999",Left,77498,71945768,0,7,11554,18713,1.55501E+12
R_3Oc88eM4RD8juxX,4/11/19 14:44,4/11/19 14:51,393,4/11/19 14:51,45.38220215,-71.93270111,2,15-6-28784-19778-24060-L,Yes,Yes,Yes,Moderately satisfied,Very intuitive,Male,25 - 34,No,White,Professional degree,Never married,Employed full time,"$20,000 - $29,999",Right,na,23357592,15,6,28784,19778,24060
R_4YJZDiYv725Sn9T,4/11/19 15:25,4/11/19 15:31,318,4/11/19 15:31,43.53570557,-5.661499023,2,6-4-25917-11283-25876-L,Yes,Yes,Yes,Neither satisfied nor dissatisfied,Not intuitive at all,Male,35 - 44,No,White,4 year degree,Never married,Employed full time,"$10,000 - $19,999",Right,na,74644006,6,4,25917,11283,25876
R_2Cwhzeh3oXTCF9W,4/11/19 15:46,4/11/19 15:54,445,4/11/19 15:54,51.29670715,1.085906982,1,3-8-8790-13994-48672-L,Yes,Yes,Yes,Extremely satisfied,Extremely intuitive,Male,18 - 24,No,White,2 year degree,Never married,Student,"$10,000 - $19,999",Left,na,55916525,3,8,8790,13994,48672
R_3KoRuNyL6wj0jlB,4/11/19 16:56,4/11/19 17:04,475,4/11/19 17:04,45.52209473,-122.8585052,19,13-0-8414-7546-74014-R,Yes,Yes,Yes,Slightly satisfied,Very intuitive,Male,18 - 24,No,Native Hawaiian or Pacific Islander,2 year degree,Never married,Unemployed looking for work,"Less than $10,000",Right,97401,53346214,13,0,8414,7546,74014
R_3pr5126tAooRWg2,4/11/19 16:54,4/11/19 17:07,771,4/11/19 17:07,53.26829529,-8.919998169,19,9-2-35947-35336-47205-L,Yes,Yes,Yes,Slightly dissatisfied,Slightly intuitive,Male,35 - 44,No,White,High school graduate,Married,Employed full time,"$20,000 - $29,999",Right,90210,33404684,9,2,35947,35336,47205
R_3nre7w1aFceflZG,4/11/19 16:14,4/11/19 17:10,3357,4/11/19 17:10,34.19790649,-118.5371017,19,13-6-951675-50086-326719-R,Yes,Yes,Yes,Extremely satisfied,Very intuitive,Female,18 - 24,Yes,Asian,Some college,Never married,Employed full time,"$10,000 - $19,999",Both,20120,62553000,13,6,951675,50086,326719
R_3eg0JfvHesBAfEa,4/11/19 16:57,4/11/19 17:12,939,4/11/19 17:12,45.08000183,-93.02269745,2,21-6-16636-35292-47084-L,Yes,Yes,Yes,Moderately satisfied,Moderately intuitive,Male,35 - 44,No,White,4 year degree,Married,Employed full time,"$90,000 - $99,999",Right,55110,93772931,21,6,16636,35292,47084
R_6gvcnjhv7gDhVXb,4/11/19 18:44,4/11/19 18:55,666,4/11/19 18:55,-28.72709656,-49.22799683,2,0-6-55003-16841-20632-R,Yes,No,Yes,Extremely satisfied,Extremely intuitive,Male,25 - 34,Yes,White,4 year degree,Married,Employed full time,"$20,000 - $29,999",Right,Na,59841723,0,6,55003,16841,20632
R_cAVRov6ymOYEYjn,4/11/19 19:10,4/11/19 19:20,603,4/11/19 19:20,34.82730103,-86.74990082,2,1-5-54249-28739-39113-R,Yes,Yes,Yes,Moderately satisfied,Very intuitive,Female,18 - 24,No,Black or African American,2 year degree,Never married,Student,"$30,000 - $39,999",Right,35749,21431688,1,5,54249,28739,39113
R_22VMUId9NEmKCSp,4/11/19 19:39,4/11/19 19:47,509,4/11/19 19:47,11.3500061,77.73330688,2,4-8-14753-20298-72314-L,No,No,No,Moderately satisfied,Moderately intuitive,Male,45 - 54,No,Asian,4 year degree,Married,Employed full time,"$20,000 - $29,999",Right,na,32485444,4,8,14753,20298,72314
R_24jhCW9KEF8uv1h,4/11/19 19:46,4/11/19 19:53,428,4/11/19 19:53,23.26669312,77.3999939,2,1-6-40011-19824-33505-R,Yes,Yes,No,Slightly satisfied,Moderately intuitive,Male,18 - 24,No,Asian,4 year degree,Never married,Employed full time,"$60,000 - $69,999",Right,na,79159555,1,6,40011,19824,33505
R_2U4NYStzZbQtD6g,4/11/19 20:29,4/11/19 20:38,550,4/11/19 20:38,35.1013031,-106.5246964,7,11-3-32692-9747-66026-R,Yes,Yes,Yes,Moderately dissatisfied,Not intuitive at all,Male,25 - 34,No,White,Professional degree,Never married,Employed full time,"$90,000 - $99,999",Right,87107,96349248,11,3,32692,9747,66026
R_ToxNpMLuJMrP0xb,4/11/19 20:40,4/11/19 20:45,304,4/11/19 20:45,21.23330688,81.63330078,2,1-6-14945-17224-1555036971929-L,Yes,Yes,Yes,Slightly dissatisfied,Slightly intuitive,Male,18 - 24,No,Asian,4 year degree,Married,Employed full time,"$50,000 - $59,999",Right,80014,22054440,1,6,14945,17224,1.55504E+12
R_wNMMtmb5wO8E97b,4/11/19 20:37,4/11/19 20:50,764,4/11/19 20:50,49.07910156,-122.7552948,2,19-1-52360-18672-96424-L,Yes,Yes,Yes,Slightly satisfied,Moderately intuitive,Male,35 - 44,No,Asian,Professional degree,Married,Employed full time,"$80,000 - $89,999",Right,na,79301568,19,1,52360,18672,96424
R_0HS4Im4E2YUUpOx,4/11/19 20:58,4/11/19 21:04,333,4/11/19 21:04,31.49090576,74.36810303,2,1-3-13608-7833-13184-R,Yes,Yes,Yes,Slightly satisfied,Very intuitive,Male,25 - 34,No,White,4 year degree,Married,Employed full time,"$40,000 - $49,999",Right,35758,73475038,1,3,13608,7833,13184
R_vTygkBEU7qvPy8h,4/11/19 21:22,4/11/19 21:38,945,4/11/19 21:38,34.05439758,-118.2440033,2,5-6-13360-33520-45802-R,Yes,Yes,Yes,Extremely satisfied,Extremely intuitive,Female,25 - 34,Yes,White,4 year degree,Married,Employed full time,"Less than $10,000",Right,40215,59748826,5,6,13360,33520,45802
R_2sS8vk3U2nwrLn4,4/11/19 21:42,4/11/19 21:52,627,4/11/19 21:52,28.60139465,77.19891357,2,2-6-15722-17537-16754-R,Yes,Yes,Yes,Moderately satisfied,Very intuitive,Male,25 - 34,No,Asian,4 year degree,Married,Employed full time,"$70,000 - $79,999",Right,37128,26631006,2,6,15722,17537,16754
R_3EoINAwkSAWgmSa,4/12/19 0:22,4/12/19 0:37,903,4/12/19 0:37,39.09970093,-94.57859802,2,1-6-44029-15519-37799-L,Yes,Yes,Yes,Extremely satisfied,Very intuitive,Male,25 - 34,Yes,White,4 year degree,Married,Employed full time,"$80,000 - $89,999",Right,33131,12822814,1,6,44029,15519,37799
R_3JERcoWrPWLfkzq,4/12/19 0:09,4/12/19 0:56,2836,4/12/19 0:56,12.98330688,77.58331299,11,9-4-22036-17318-155519-L,Yes,Yes,Yes,Moderately satisfied,Moderately intuitive,Female,18 - 24,Yes,Asian,Professional degree,Married,Employed full time,"$40,000 - $49,999",Right,60406,3721777,9,4,22036,17318,155519
R_3I3QbtXmR0DS3wk,4/12/19 0:46,4/12/19 1:01,919,4/12/19 1:01,12.98330688,77.58331299,10,6-7-5973-6455-22897-L,Yes,Yes,Yes,Moderately dissatisfied,Extremely intuitive,Female,25 - 34,Yes,Asian,Professional degree,Married,Employed full time,"$50,000 - $59,999",Left,60406,85984933,6,7,5973,6455,22897
R_3Em0T3QURusWPN8,4/12/19 0:54,4/12/19 1:02,461,4/12/19 1:02,12.98330688,77.58331299,17,1-6-23648-29284-99984-R,Yes,Yes,Yes,Slightly satisfied,Very intuitive,Female,18 - 24,No,Asian,4 year degree,Married,Employed full time,"$60,000 - $69,999",Right,60406,36191898,1,6,23648,29284,99984
R_3dT9ceZsp4G7UIn,4/12/19 1:33,4/12/19 1:35,138,4/12/19 1:35,12.98330688,77.58331299,12,2-6-13008-33595-5315-R,Yes,Yes,Yes,Moderately satisfied,Moderately intuitive,Female,18 - 24,Yes,Asian,Professional degree,Married,Employed full time,"$90,000 - $99,999",Left,60406,97436129,2,6,13008,33595,5315
R_2s0SK8XEAB548WZ,4/12/19 2:25,4/12/19 2:28,186,4/12/19 2:28,12.98330688,77.58331299,17,1-9-4603-19919-2851-R,Yes,Yes,Yes,Slightly satisfied,Moderately intuitive,Female,18 - 24,No,Asian,4 year degree,Married,Employed full time,"$70,000 - $79,999",Right,60406,49340724,1,9,4603,19919,2851
R_2teTZg7pTSu1RZw,4/12/19 2:25,4/12/19 2:51,1565,4/12/19 2:51,12.98330688,77.58331299,11,133-7-13408-48042-11777-L,Yes,Yes,Yes,Moderately satisfied,Very intuitive,Female,Under 18,Yes,Asian,2 year degree,Married,Employed full time,"$10,000 - $19,999",Right,60406,1682384,133,7,13408,48042,11777
R_1gkzG1rmWRv4NtA,4/12/19 4:46,4/12/19 4:51,286,4/12/19 4:51,43.30239868,-74.99770355,7,0-5-10141-9527-15102-R,Yes,Yes,Yes,Moderately satisfied,Moderately intuitive,Male,25 - 34,No,White,Less than high school,Never married,Unemployed looking for work,"$30,000 - $39,999",Right,13324,88600898,0,5,10141,9527,15102
R_1IsGUnrVJdGxGWW,4/12/19 6:32,4/12/19 6:36,274,4/12/19 6:36,38.71420288,-90.27590179,2,4-1-21824-14121-12577-L,Yes,Yes,Yes,Slightly satisfied,Moderately intuitive,Male,35 - 44,No,Black or African American,2 year degree,Married,Employed full time,"$50,000 - $59,999",Right,63043,83824216,4,1,21824,14121,12577
R_1IQVfX2fnJRD3aj,4/12/19 9:22,4/12/19 9:30,484,4/12/19 9:30,43.77929688,11.24630737,2,8-3-21623-19371-9483-R,Yes,Yes,No,Moderately satisfied,Moderately intuitive,Male,35 - 44,No,White,Doctorate,Never married,Employed full time,"$10,000 - $19,999",Right,na,79014371,8,3,21623,19371,9483
R_2xwS2osJoCm6ML8,4/12/19 9:31,4/12/19 9:39,485,4/12/19 9:39,38.71740723,-9.132095337,2,4-5-17394-14558-58103-L,Yes,Yes,Yes,Moderately satisfied,Moderately intuitive,Male,25 - 34,Yes,White,Professional degree,Married,Employed part time,"$40,000 - $49,999",Right,na,97354097,4,5,17394,14558,58103
R_3NPqVlYz8xt6u6K,4/12/19 9:28,4/12/19 9:53,1492,4/12/19 9:53,17.99620056,-76.80190277,2,8-5-72521-42490-207374-R,Yes,Yes,Yes,Extremely satisfied,Extremely intuitive,Male,25 - 34,No,Black or African American,4 year degree,Never married,Employed full time,"Less than $10,000",Right,Na,43469536,8,5,72521,42490,207374
R_31KkpdMR5hXGm5g,4/12/19 9:46,4/12/19 9:54,446,4/12/19 9:54,42.71150208,-71.16699982,14,2-5-25723-21237-36863-R,Yes,Yes,Yes,Neither satisfied nor dissatisfied,Slightly intuitive,Male,45 - 54,No,White,4 year degree,Never married,Employed full time,"$90,000 - $99,999",Right,1824,98982967,2,5,25723,21237,36863
R_2b0IjpACue0gBoj,4/12/19 15:01,4/12/19 15:18,1016,4/12/19 15:18,49.14100647,-122.8569031,19,9-7-26051-33678-1555103107487-R,Yes,Yes,Yes,Moderately satisfied,Very intuitive,Female,35 - 44,No,Asian,4 year degree,Married,Unemployed looking for work,"$40,000 - $49,999",Right,na,10992760,9,7,26051,33678,1.5551E+12
R_2CexjiNP3iP87oc,4/12/19 19:29,4/12/19 19:34,330,4/12/19 19:34,37.38250732,-79.2181015,2,6-1-19489-19940-1555119123864-L,Yes,Yes,Yes,Moderately satisfied,Slightly intuitive,Female,35 - 44,No,White,4 year degree,Separated,Employed part time,"$50,000 - $59,999",Right,24502,11529229,6,1,19489,19940,1.55512E+12
R_1DAKjq9ec9GsoSL,4/12/19 19:28,4/12/19 19:35,406,4/12/19 19:35,43.59719849,-79.69309998,2,5-3-31649-12641-21776-R,Yes,Yes,Yes,Slightly satisfied,Slightly intuitive,Male,18 - 24,No,Asian,Some college,Never married,Unemployed looking for work,"$90,000 - $99,999",Right,na,17596178,5,3,31649,12641,21776
R_3mgTggQf2HfegGy,4/12/19 20:06,4/12/19 20:13,390,4/12/19 20:13,-33.86120605,151.1982117,7,6-5-10693-10105-84778-R,Yes,Yes,Yes,Moderately satisfied,Slightly intuitive,Male,25 - 34,No,Asian,Professional degree,Never married,Employed full time,"More than $150,000",Right,na,80137119,6,5,10693,10105,84778
R_3MmrW2GK6nu57J2,4/13/19 11:27,4/13/19 11:31,260,4/13/19 11:31,36.0756073,-79.09140015,2,6-1-13276-29876-11987-R,Yes,Yes,Yes,Moderately satisfied,Moderately intuitive,Male,25 - 34,No,White,4 year degree,Never married,Employed full time,"$40,000 - $49,999",Right,27278,63966037,6,1,13276,29876,11987
R_eLPhiFcCvNJ92G5,4/13/19 11:30,4/13/19 11:35,287,4/13/19 11:35,51.54350281,-0.173294067,7,1-5-12047-9731-1555176770409-L,No,No,No,Moderately satisfied,Moderately intuitive,Male,18 - 24,No,White,4 year degree,Never married,Student,"$10,000 - $19,999",Right,na,67122613,1,5,12047,9731,1.55518E+12
R_29iHmgRVkZmqRM4,4/13/19 11:34,4/13/19 11:39,293,4/13/19 11:39,34.04469299,-118.4487,2,0-5-10084-9565-6792-R,Yes,Yes,Yes,Moderately satisfied,Moderately intuitive,Male,35 - 44,No,White,4 year degree,Never married,Employed full time,"$60,000 - $69,999",Right,90025,35343940,0,5,10084,9565,6792
R_2QJxJ1qiIr2R9v1,4/13/19 11:34,4/13/19 11:41,391,4/13/19 11:41,44.27099609,-88.43260193,2,10-1-20527-10486-49542-R,Yes,Yes,Yes,Slightly satisfied,Moderately intuitive,Male,25 - 34,No,White,2 year degree,Never married,Employed part time,"$40,000 - $49,999",Left,54914,63967352,10,1,20527,10486,49542
R_2COiIN92dNfDEc4,4/13/19 11:34,4/13/19 11:41,461,4/13/19 11:41,40.05349731,-83.01869965,2,8-6-254368-17876-43202-L,Yes,Yes,Yes,Moderately dissatisfied,Slightly intuitive,Female,18 - 24,No,White,Some college,Never married,Student,"$10,000 - $19,999",Right,43214,23954836,8,6,254368,17876,43202
R_b2Qu0r8xE6jFUMV,4/13/19 11:32,4/13/19 11:42,554,4/13/19 11:42,33.9046936,-78.57440186,2,0-5-11685-10238-9294-L,Yes,Yes,Yes,Slightly satisfied,Moderately intuitive,Male,18 - 24,No,White,Some college,Never married,Employed part time,"$50,000 - $59,999",Right,28465,97355306,0,5,11685,10238,9294
R_sCiqStRXryGYTMB,4/13/19 11:34,4/13/19 11:42,495,4/13/19 11:42,38.61419678,-90.29100037,2,0-5-13341-9292-15417-R,Yes,Yes,Yes,Moderately satisfied,Moderately intuitive,Female,25 - 34,No,White,Some college,Divorced,Employed full time,"$60,000 - $69,999",Right,63111,93925701,0,5,13341,9292,15417
R_2740XVpJkKGVqNr,4/13/19 11:47,4/13/19 11:52,327,4/13/19 11:52,33.77459717,-84.39730072,2,4-1-10992-10096-6696-L,Yes,Yes,Yes,Slightly satisfied,Moderately intuitive,Male,18 - 24,No,Asian,High school graduate,Never married,Student,"$40,000 - $49,999",Right,30332,5212051,4,1,10992,10096,6696
R_1H6r5sdvc2JtC3Q,4/13/19 11:51,4/13/19 11:56,290,4/13/19 11:56,43.03210449,-89.4992981,2,3-1-13082-20318-9032-L,Yes,Yes,Yes,Moderately satisfied,Moderately intuitive,Male,35 - 44,No,White,High school graduate,Married,Unemployed not looking for work,"$90,000 - $99,999",Right,53593,37210737,3,1,13082,20318,9032
R_1CyEkjyOvch93PM,4/13/19 11:50,4/13/19 11:58,466,4/13/19 11:58,34.01210022,-117.6883011,19,13-5-8128-8172-17139-L,Yes,Yes,Yes,Neither satisfied nor dissatisfied,Moderately intuitive,Male,25 - 34,No,Asian,4 year degree,Never married,Employed full time,"$60,000 - $69,999",Right,92126,14806826,13,5,8128,8172,17139
R_2sbe5WCkzC9VRCg,4/13/19 11:56,4/13/19 12:04,467,4/13/19 12:04,43.53570557,-5.661499023,2,0-6-8312-4234-29733-L,Yes,Yes,Yes,Neither satisfied nor dissatisfied,Moderately intuitive,Male,35 - 44,No,White,4 year degree,Never married,Employed full time,"$20,000 - $29,999",Right,na,81309534,0,6,8312,4234,29733
R_9HXfNnYAZk4FIsN,4/13/19 12:06,4/13/19 12:17,620,4/13/19 12:17,50.72309875,7.106796265,2,14-6-14702-16296-98332-L,Yes,Yes,Yes,Moderately satisfied,Very intuitive,Male,25 - 34,No,White,Professional degree,Never married,Employed full time,"$40,000 - $49,999",Right,na,54008807,14,6,14702,16296,98332
R_1MKysLtK2IsfnJc,4/13/19 12:21,4/13/19 12:27,357,4/13/19 12:27,43.81559753,-79.45339966,19,11-6-33557-17343-26668-L,Yes,Yes,Yes,Slightly satisfied,Very intuitive,Male,25 - 34,No,White,High school graduate,Never married,Unemployed looking for work,"$20,000 - $29,999",Right,na,31110224,11,6,33557,17343,26668
R_3J44DugrAHkJfXM,4/13/19 12:11,4/13/19 12:29,1095,4/13/19 12:29,10.80499268,78.68560791,19,3-13-178193-63224-104855-L,Yes,Yes,Yes,Extremely satisfied,Extremely intuitive,Female,18 - 24,Yes,Asian,Some college,Separated,Employed full time,"Less than $10,000",Right,NA,67162632,3,13,178193,63224,104855
R_8df2BQKeetFz4kx,4/13/19 12:49,4/13/19 13:02,823,4/13/19 13:02,10.99099731,76.96670532,19,0-5-40504-23393-17353-L,Yes,Yes,Yes,Moderately satisfied,Moderately intuitive,Male,45 - 54,No,Asian,4 year degree,Married,Employed full time,"$10,000 - $19,999",Right,na,93076702,0,5,40504,23393,17353
R_3m9LBC25FQ1Ib86,4/13/19 12:56,4/13/19 13:14,1057,4/13/19 13:14,44.40480042,8.944396973,2,4-6-27771-25444-295149-R,Yes,Yes,Yes,Moderately satisfied,Extremely intuitive,Male,25 - 34,No,Asian,Professional degree,Married,Employed full time,"$30,000 - $39,999",Left,na,19122769,4,6,27771,25444,295149
R_3RqGteLAn44wH32,4/13/19 13:03,4/13/19 13:17,896,4/13/19 13:17,41.19009399,-74.04360199,2,2-5-18903-18634-73082-R,Yes,Yes,Yes,Extremely satisfied,Very intuitive,Male,25 - 34,No,White,4 year degree,Married,Employed full time,"$50,000 - $59,999",Right,74066,11729924,2,5,18903,18634,73082
R_1rIirumAybVBtjo,4/13/19 14:30,4/13/19 14:39,504,4/13/19 14:39,33.76199341,-117.9324951,2,4-2-11104-8241-76137-R,Yes,Yes,Yes,Extremely satisfied,Extremely intuitive,Female,25 - 34,Yes,Other,Some college,Never married,Employed full time,"$20,000 - $29,999",Right,92840,78282740,4,2,11104,8241,76137
R_2PwmdhUaKDqpre3,4/13/19 14:44,4/13/19 14:56,677,4/13/19 14:56,28.20620728,-80.68740082,2,12-6-7753-79523-81130-L,Yes,Yes,Yes,Moderately dissatisfied,Slightly intuitive,Female,35 - 44,No,White,Professional degree,Married,Employed full time,"More than $150,000",Left,32940,4344027,12,6,7753,79523,81130
R_74jKuD64uNtbrtn,4/13/19 15:01,4/13/19 15:05,279,4/13/19 15:05,48.83329773,-125.1500015,7,1-5-13785-14031-24511-R,Yes,Yes,Yes,Slightly satisfied,Moderately intuitive,Male,25 - 34,No,White,4 year degree,Married,Employed full time,"$40,000 - $49,999",Left,na,65141673,1,5,13785,14031,24511
R_3niKLkd3sP11yn1,4/13/19 15:15,4/13/19 15:24,582,4/13/19 15:24,37.75100708,-97.8219986,19,5-6-29788-20392-76024-R,Yes,Yes,Yes,Moderately satisfied,Very intuitive,Male,35 - 44,No,White,4 year degree,Married,Employed full time,"$50,000 - $59,999",Right,78228,25362283,5,6,29788,20392,76024
R_ZmJV0eGrqZvMTQt,4/13/19 15:27,4/13/19 15:36,494,4/13/19 15:36,53.26829529,-8.919998169,19,4-1-27949-15808-68372-R,Yes,Yes,Yes,Slightly satisfied,Very intuitive,Male,35 - 44,No,White,High school graduate,Married,Employed full time,"$20,000 - $29,999",Right,90200,42833853,4,1,27949,15808,68372
R_2VseCOnWd6v97oT,4/13/19 15:44,4/13/19 15:54,556,4/13/19 15:54,37.67120361,-1.701705933,19,2-6-53607-28007-16174-R,Yes,No,No,Moderately satisfied,Very intuitive,Female,18 - 24,Yes,Other,2 year degree,Never married,Employed full time,"Less than $10,000",Right,,32836155,2,6,53607,28007,16174
R_2wvK3EQKeL3Mc1q,4/13/19 15:53,4/13/19 16:01,495,4/13/19 16:01,45.52879333,-122.6820984,2,17-2-11687-24346-1555192583723-L,Yes,Yes,Yes,Slightly dissatisfied,Moderately intuitive,Other,25 - 34,Yes,White,Some college,Never married,Disabled,"$30,000 - $39,999",Right,97209,33920877,17,2,11687,24346,1.55519E+12
R_8d235c0YyCHILDz,4/13/19 16:25,4/13/19 16:39,853,4/13/19 16:39,52.40620422,12.96699524,2,3-5-23491-29743-70513-L,Yes,Yes,Yes,Extremely satisfied,Very intuitive,Female,25 - 34,No,Asian,Professional degree,Never married,Employed full time,"$20,000 - $29,999",Right,na,89192112,3,5,23491,29743,70513
R_2TB3ku5406dxQ4g,4/13/19 16:45,4/13/19 16:50,311,4/13/19 16:50,39.13609314,-77.28240204,2,0-6-8576-4216-6592-R,Yes,Yes,Yes,Moderately satisfied,Slightly intuitive,Male,25 - 34,No,White,4 year degree,Never married,Unemployed looking for work,"$30,000 - $39,999",Left,21117,33247923,0,6,8576,4216,6592
R_3iF18I5JiUkE2Vi,4/13/19 17:29,4/13/19 17:34,310,4/13/19 17:34,43.18339539,-77.60430145,7,9-0-16564-55600-15018-R,Yes,Yes,Yes,Slightly dissatisfied,Slightly intuitive,Other,25 - 34,No,White,4 year degree,Never married,Employed part time,"$10,000 - $19,999",Right,14607,76177487,9,0,16564,55600,15018
R_32KHz3qMpd4EKwz,4/13/19 17:29,4/13/19 17:36,419,4/13/19 17:36,41.72120667,-93.56819916,2,9-1-10358-10040-1555198314139-L,Yes,Yes,Yes,Neither satisfied nor dissatisfied,Moderately intuitive,Female,25 - 34,No,"White,Black or African American",2 year degree,Married,Employed full time,"$30,000 - $39,999",Left,50021,20905930,9,1,10358,10040,1.5552E+12
R_3MGTw2ktKzccO93,4/13/19 17:31,4/13/19 17:38,453,4/13/19 17:38,40.50480652,-79.9138031,2,8-1-21669-21337-39719-L,Yes,Yes,Yes,Moderately satisfied,Moderately intuitive,Male,35 - 44,No,White,High school graduate,Never married,Unemployed not looking for work,"$20,000 - $29,999",Right,15215,89732243,8,1,21669,21337,39719
R_1KeS3AX4wFVlW3I,4/13/19 17:48,4/13/19 17:52,251,4/13/19 17:52,43.69999695,-79.5667038,11,1-3-15104-13754-1555199455560-R,Yes,Yes,Yes,Moderately dissatisfied,Not intuitive at all,Male,25 - 34,Yes,White,4 year degree,Married,Employed full time,"$100,000 - $149,999",Right,na,83685296,1,3,15104,13754,1.5552E+12
R_4TKAQikbHRQTbNL,4/13/19 17:52,4/13/19 17:58,352,4/13/19 17:58,45.64179993,-122.6800995,2,4-2-28604-13195-3010-L,Yes,Yes,Yes,Moderately satisfied,Extremely intuitive,Male,35 - 44,No,White,Professional degree,Married,Employed full time,"$70,000 - $79,999",Right,97203,18876371,4,2,28604,13195,3010
R_3fZS2zoDCAf74v6,4/12/19 15:51,4/13/19 18:13,94949,4/13/19 18:13,13.08430481,80.28048706,19,1-7-29248-171184-1555200246774-R,Yes,Yes,Yes,Moderately satisfied,Very intuitive,Female,25 - 34,Yes,Asian,4 year degree,Married,Employed full time,"$10,000 - $19,999",Right,90002,6872632,1,7,29248,171184,1.5552E+12
R_2aWZoqukCQki1YE,4/13/19 18:18,4/13/19 18:24,376,4/13/19 18:24,38.28109741,-77.12599945,7,9-7-11203-10084-89776-R,Yes,Yes,Yes,Moderately dissatisfied,Moderately intuitive,Female,25 - 34,No,White,Some college,Divorced,Employed part time,"$10,000 - $19,999",Right,22485,84275221,9,7,11203,10084,89776
R_24H2cl6yvcHAdyZ,4/13/19 18:18,4/13/19 18:26,435,4/13/19 18:26,41.9703064,-87.66400146,7,9-1-5018-9938-42267-R,Yes,Yes,Yes,Moderately satisfied,Extremely intuitive,Female,18 - 24,Yes,Black or African American,4 year degree,Never married,Student,"$10,000 - $19,999",Right,60607,40892384,9,1,5018,9938,42267
R_1GIrsFUC3vGgDIt,4/13/19 18:16,4/13/19 18:27,620,4/13/19 18:27,18.53320313,73.8625946,2,0-5-23978-29016-33921-L,No,No,No,Extremely satisfied,Very intuitive,Male,35 - 44,No,Asian,4 year degree,Married,Employed full time,"Less than $10,000",Right,na,23018996,0,5,23978,29016,33921
R_3QMFbeRNOPDn6Te,4/13/19 18:48,4/13/19 19:00,722,4/13/19 19:00,28.48829651,-81.40609741,0,4-2-17347-17763-1555203194103-L,Yes,Yes,Yes,Moderately satisfied,Very intuitive,Male,35 - 44,No,White,4 year degree,Married,Unemployed not looking for work,"$20,000 - $29,999",Right,32640,40743687,4,2,17347,17763,1.5552E+12
R_1KlNhRqmapbYFkr,4/13/19 19:02,4/13/19 19:11,541,4/13/19 19:11,36.19619751,-115.263298,2,14-0-20300-20254-42262-L,Yes,Yes,Yes,Neither satisfied nor dissatisfied,Slightly intuitive,Female,35 - 44,No,Black or African American,Some college,Never married,Unemployed looking for work,"$10,000 - $19,999",Left,89169,23294772,14,0,20300,20254,42262
R_31XccKV4oxAsQGo,4/13/19 19:39,4/13/19 19:46,410,4/13/19 19:46,13.08430481,80.28048706,19,0-5-15705-11657-22457-R,No,No,Yes,Extremely satisfied,Moderately intuitive,Female,25 - 34,No,Asian,4 year degree,Never married,Employed full time,"$90,000 - $99,999",Right,na,98303416,0,5,15705,11657,22457
R_Ui1QdUbjLfW5hSN,4/13/19 19:51,4/13/19 19:57,319,4/13/19 19:57,13.08430481,80.28048706,19,0-6-13239-9640-2929-L,Yes,Yes,No,Extremely satisfied,Extremely intuitive,Female,25 - 34,No,Asian,4 year degree,Never married,Employed full time,"$90,000 - $99,999",Right,NA,21203608,0,6,13239,9640,2929
R_1kLjgbc486BVcix,4/13/19 22:05,4/13/19 22:31,1554,4/13/19 22:31,13.08430481,80.28048706,5,112-12-19208-101192-21186-R,Yes,Yes,Yes,Moderately dissatisfied,Slightly intuitive,Male,25 - 34,No,Asian,Professional degree,Married,Employed full time,"$10,000 - $19,999",Right,35816,24205045,112,12,19208,101192,21186
R_2sbi1s1X3glxT0x,4/13/19 23:19,4/13/19 23:32,774,4/13/19 23:32,29.74499512,-95.73259735,2,16-5-12203-8003-155953-R,Yes,Yes,Yes,Moderately satisfied,Very intuitive,Male,25 - 34,Yes,White,Some college,Never married,Unemployed looking for work,"$40,000 - $49,999",Right,77450,27310567,16,5,12203,8003,155953
R_phKM1okWJg3Z5UR,4/13/19 23:41,4/13/19 23:47,323,4/13/19 23:47,43.03340149,-89.45120239,2,6-0-18304-14623-46302-R,Yes,Yes,Yes,Moderately satisfied,Moderately intuitive,Male,18 - 24,No,White,4 year degree,Never married,Employed full time,"$60,000 - $69,999",Right,53713,83358914,6,0,18304,14623,46302
R_1QbHUCmoRVWuFfk,4/13/19 23:55,4/14/19 0:03,497,4/14/19 0:03,47.72290039,-122.1960983,6,4-2-39154-28379-21792-R,Yes,Yes,Yes,Slightly dissatisfied,Moderately intuitive,Male,25 - 34,No,Asian,Some college,Never married,Employed full time,"$70,000 - $79,999",Right,98208,5686014,4,2,39154,28379,21792
R_3fjkjKne7KbCiIK,4/14/19 0:05,4/14/19 0:13,489,4/14/19 0:13,41.65460205,-86.24790192,2,7-1-12099-88707-57411-R,Yes,Yes,Yes,Neither satisfied nor dissatisfied,Moderately intuitive,Male,25 - 34,No,Asian,Professional degree,Married,Employed full time,"$100,000 - $149,999",Right,60193,40083484,7,1,12099,88707,57411
R_2OZNedtnwZrQXbE,4/13/19 23:49,4/14/19 0:15,1559,4/14/19 0:15,44.62600708,-123.0569992,2,4-12-33138-14961-138242-R,Yes,Yes,Yes,Moderately satisfied,Very intuitive,Female,25 - 34,No,Other,Doctorate,Married,Unemployed looking for work,"Less than $10,000",Right,97333,16290883,4,12,33138,14961,138242
R_2s1tMdlXM9R5FIt,4/14/19 0:17,4/14/19 0:23,393,4/14/19 0:23,9.966705322,76.23330688,2,0-5-9840-8488-8545-R,Yes,Yes,No,Slightly satisfied,Very intuitive,Male,18 - 24,No,Asian,High school graduate,Married,Employed full time,"Less than $10,000",Right,na,3458749,0,5,9840,8488,8545
R_1GJEJGbQtrtQ1Cc,4/14/19 0:42,4/14/19 1:01,1133,4/14/19 1:01,13.08430481,80.28048706,19,6-5-26201-17480-48093-L,Yes,Yes,Yes,Extremely satisfied,Very intuitive,Female,25 - 34,No,Other,Professional degree,Never married,Employed part time,"Less than $10,000",Right,na,26354715,6,5,26201,17480,48093
R_aaWHZnVAy1T4zh7,4/14/19 3:12,4/14/19 3:15,180,4/14/19 3:15,52.09469604,5.094604492,7,2-5-7492-8370-1555233247240-R,No,No,No,Slightly satisfied,Moderately intuitive,Male,25 - 34,No,White,4 year degree,Married,Employed part time,"$20,000 - $29,999",Right,na,45004766,2,5,7492,8370,1.55523E+12
R_1QrLqEPzGtht0O2,4/14/19 6:38,4/14/19 6:45,410,4/14/19 6:45,29.97340393,-90.08850098,7,4-1-25583-14317-4802-R,Yes,Yes,Yes,Slightly satisfied,Slightly intuitive,Female,55 - 64,No,White,2 year degree,Divorced,Employed part time,"$50,000 - $59,999",Left,32750,82345923,4,1,25583,14317,4802
R_dienQfwNtCMA169,4/14/19 10:19,4/14/19 10:36,1023,4/14/19 10:36,36.80610657,10.1710968,2,8-8-41092-64632-182623-R,No,Yes,No,Extremely satisfied,Very intuitive,Male,35 - 44,No,"White,Black or African American",Professional degree,Divorced,Employed full time,"$10,000 - $19,999",Right,33805,57012357,8,8,41092,64632,182623
R_2yqnsyaGRwvlgrz,4/14/19 15:50,4/14/19 16:02,686,4/14/19 16:02,35.85279846,-84.49710083,2,9-1-43521-27903-1555278994158-R,Yes,Yes,Yes,Slightly satisfied,Very intuitive,Female,45 - 54,No,White,High school graduate,Married,Employed full time,"$60,000 - $69,999",Right,37882,20114794,9,1,43521,27903,1.55528E+12
R_3sn54CG7z1gFNde,4/14/19 16:00,4/14/19 16:31,1840,4/14/19 16:31,35.57110596,-5.372406006,2,2-8-26228-17767-152378-L,Yes,Yes,Yes,Moderately satisfied,Moderately intuitive,Male,18 - 24,No,Other,2 year degree,Never married,Employed part time,"$20,000 - $29,999",Right,na,18114454,2,8,26228,17767,152378
R_pnN1ZFJrkIeBii5,4/14/19 18:44,4/14/19 18:58,856,4/14/19 18:58,29.92489624,-95.05780029,2,8-8-6969-23888-192395-L,Yes,Yes,Yes,Extremely satisfied,Extremely intuitive,Female,45 - 54,No,Black or African American,2 year degree,Never married,Employed part time,"$10,000 - $19,999",Right,77521,23727826,8,8,6969,23888,192395
R_2rwGIzqZDm2OfgM,4/14/19 20:29,4/14/19 20:40,642,4/14/19 20:40,43.03889465,-87.90650177,2,8-1-21501-21397-1555295552622-L,Yes,Yes,Yes,Neither satisfied nor dissatisfied,Slightly intuitive,Male,18 - 24,No,White,Some college,Never married,Student,"$10,000 - $19,999",Right,3820,33493284,8,1,21501,21397,1.5553E+12
R_ABtSNzsSVI7nQBz,4/15/19 7:54,4/15/19 8:00,314,4/15/19 8:00,-19.89750671,-43.9624939,19,1-5-13200-13959-8286-R,No,No,No,Neither satisfied nor dissatisfied,Not intuitive at all,Female,25 - 34,Yes,Other,Professional degree,Never married,Employed part time,"$10,000 - $19,999",Right,na,76718555,1,5,13200,13959,8286
R_3FLFDYSQ56enPDI,4/15/19 7:55,4/15/19 8:02,368,4/15/19 8:02,39.04519653,-94.71890259,2,4-10-8430-5504-5733-L,Yes,Yes,Yes,Neither satisfied nor dissatisfied,Moderately intuitive,Male,35 - 44,No,White,2 year degree,Never married,Employed full time,"$30,000 - $39,999",Left,66214,41996054,4,10,8430,5504,5733
R_1poFflkSIKbkJp8,4/15/19 7:58,4/15/19 8:03,284,4/15/19 8:03,28.46369934,-81.39479828,2,7-0-22538-6585-11369-L,Yes,Yes,Yes,Extremely satisfied,Very intuitive,Male,18 - 24,Yes,White,4 year degree,Never married,Employed full time,"$30,000 - $39,999",Left,32801,89260364,7,0,22538,6585,11369
R_31LU7Cjm6mp19io,4/15/19 7:57,4/15/19 8:03,393,4/15/19 8:03,40.12219238,-76.7736969,2,8-1-13208-10450-5287-L,Yes,Yes,Yes,Moderately satisfied,Very intuitive,Male,18 - 24,No,White,Some college,Never married,Employed full time,"$90,000 - $99,999",Right,17370,68864453,8,1,13208,10450,5287
R_yPbPw2WCJ03plqp,4/15/19 7:56,4/15/19 8:04,453,4/15/19 8:04,40.67390442,-73.93579865,2,2-7-5890-12655-3825-L,Yes,Yes,Yes,Moderately satisfied,Slightly intuitive,Male,25 - 34,No,Black or African American,Some college,Never married,Unemployed looking for work,"$40,000 - $49,999",Right,11225,95789759,2,7,5890,12655,3825
R_1k2j5q0Hqj6KTGe,4/15/19 7:59,4/15/19 8:04,349,4/15/19 8:04,30.42399597,-97.79319763,2,6-1-14089-10355-11919-R,Yes,Yes,Yes,Extremely satisfied,Extremely intuitive,Male,25 - 34,Yes,White,Some college,Never married,Employed full time,"$40,000 - $49,999",Right,78729,45828879,6,1,14089,10355,11919
R_yDgsXxF1rLdLRIJ,4/11/19 19:41,4/15/19 8:05,303848,4/15/19 8:05,10.99099731,76.96670532,19,1-5-8601-3965-4745-R,Yes,Yes,Yes,Moderately satisfied,Moderately intuitive,Male,25 - 34,Yes,American Indian or Alaska Native,4 year degree,Married,Employed full time,"$10,000 - $19,999",Right,46368,1763816,1,5,8601,3965,4745
R_1rjYQ3Yh5lqoVK1,4/15/19 8:02,4/15/19 8:05,196,4/15/19 8:05,39.16419983,-84.45220184,7,4-1-9054-8809-11410-L,Yes,Yes,Yes,Moderately satisfied,Very intuitive,Male,25 - 34,No,White,High school graduate,Never married,Employed part time,"$30,000 - $39,999",Right,45212,12362410,4,1,9054,8809,11410
R_3Ho7ztrdmQtk1nu,4/15/19 7:55,4/15/19 8:05,638,4/15/19 8:05,40.69810486,-73.70449829,2,0-5-25181-19838-14216-R,Yes,Yes,Yes,Extremely satisfied,Very intuitive,Female,55 - 64,No,White,Some college,Married,Unemployed looking for work,"More than $150,000",Right,11001,46892586,0,5,25181,19838,14216
R_2ZBqPYp9Jqw9Cvi,4/15/19 7:55,4/15/19 8:05,637,4/15/19 8:05,36.85290527,-76.28780365,19,5-5-14348-24104-5619-L,Yes,Yes,No,Extremely satisfied,Extremely intuitive,Male,45 - 54,No,White,4 year degree,Married,Employed full time,"$80,000 - $89,999",Right,78746,75677061,5,5,14348,24104,5619
R_2Uaux4MwRynl4ef,4/15/19 7:58,4/15/19 8:06,519,4/15/19 8:06,40.74240112,-91.97039795,19,2-5-20232-44220-14416-R,Yes,Yes,Yes,Extremely satisfied,Extremely intuitive,Female,35 - 44,No,White,Some college,Widowed,Employed full time,"Less than $10,000",Left,52565,28940367,2,5,20232,44220,14416
R_2aEv9agPa3Oj0zc,4/11/19 11:31,4/15/19 8:10,333555,4/15/19 8:10,-25.50259399,-49.29159546,18,0-5-24698-32996-5521-L,Yes,Yes,No,Extremely satisfied,Moderately intuitive,Male,25 - 34,No,White,2 year degree,Never married,Employed part time,"$10,000 - $19,999",Right,na,55696124,0,5,24698,32996,5521
R_1FhnRk6aRsjtjfI,4/15/19 8:12,4/15/19 8:17,321,4/15/19 8:17,13.08430481,80.28048706,2,0-5-6788-5150-4661-R,No,Yes,No,Extremely satisfied,Very intuitive,Male,18 - 24,No,Asian,4 year degree,Never married,Employed full time,"Less than $10,000",Right,na,16829639,0,5,6788,5150,4661
R_aeGaAolys2yxgdz,4/15/19 8:06,4/15/19 8:18,747,4/15/19 8:18,13.08430481,80.28048706,19,29-5-19210-19942-21973-R,Yes,Yes,Yes,Extremely satisfied,Extremely intuitive,Female,25 - 34,No,Asian,Professional degree,Never married,Employed full time,"$100,000 - $149,999",Right,15004,35981163,29,5,19210,19942,21973
R_1i3ca3yj2Wg3Cez,4/15/19 8:13,4/15/19 8:19,312,4/15/19 8:19,32.77870178,-96.82170105,7,0-7-9249-9002-8809-R,Yes,Yes,Yes,Moderately satisfied,Slightly intuitive,Female,35 - 44,No,White,4 year degree,Never married,Employed full time,"$100,000 - $149,999",Right,12020,4656945,0,7,9249,9002,8809
R_eRMr1aQeObmlBcd,4/15/19 8:16,4/15/19 8:19,164,4/15/19 8:19,51.55059814,-0.187301636,7,0-5-6615-8527-4822-L,Yes,Yes,Yes,Moderately satisfied,Moderately intuitive,Male,18 - 24,No,White,4 year degree,Never married,Student,"$10,000 - $19,999",Right,na,2465950,0,5,6615,8527,4822
R_3oYNJZWlSWOTUnS,4/15/19 8:16,4/15/19 8:22,381,4/15/19 8:22,-24.05889893,-46.84559631,2,2-5-14712-9737-1555337967247-R,Yes,Yes,No,Extremely satisfied,Extremely intuitive,Male,18 - 24,Yes,White,4 year degree,Married,Unemployed looking for work,"$20,000 - $29,999",Right,na,80713390,2,5,14712,9737,1.55534E+12
R_2YnDh3PkFRJkH7t,4/15/19 8:19,4/15/19 8:23,225,4/15/19 8:23,39.03700256,-77.04119873,7,4-1-7488-5009-17657-R,Yes,Yes,Yes,Moderately satisfied,Very intuitive,Female,35 - 44,No,White,Professional degree,Married,Employed full time,"$70,000 - $79,999",Right,20905,19263957,4,1,7488,5009,17657
R_1TTX24iCpVvm4AV,4/15/19 8:19,4/15/19 8:23,244,4/15/19 8:23,43.53570557,-5.661499023,2,0-5-4936-5057-5050-R,Yes,Yes,Yes,Moderately satisfied,Moderately intuitive,Male,35 - 44,No,White,4 year degree,Never married,Employed full time,"$10,000 - $19,999",Right,na,88300167,0,5,4936,5057,5050
R_dm7LaJmjgRKXPrz,4/15/19 8:17,4/15/19 8:27,562,4/15/19 8:27,40.26589966,-75.38829803,2,0-5-26051-138279-13247-R,Yes,Yes,Yes,Moderately satisfied,Moderately intuitive,Female,55 - 64,No,White,Doctorate,Married,Disabled,"More than $150,000",Right,19438,71090836,0,5,26051,138279,13247
R_tSNdTiFELkEHU4x,4/15/19 8:28,4/15/19 8:35,364,4/15/19 8:35,49.07910156,-122.7552948,2,6-0-29600-11976-11728-R,Yes,Yes,Yes,Slightly dissatisfied,Very intuitive,Male,35 - 44,No,Asian,Professional degree,Married,Employed full time,"$70,000 - $79,999",Right,98012,67383681,6,0,29600,11976,11728
R_1QJUNYwNF0m6fGR,4/15/19 8:33,4/15/19 8:39,387,4/15/19 8:39,51.46609497,7.249099731,2,0-5-14067-9701-15129-R,Yes,Yes,Yes,Extremely satisfied,Very intuitive,Female,18 - 24,No,White,Some college,Never married,Student,"$20,000 - $29,999",Right,na,56889256,0,5,14067,9701,15129
R_27W08TwAROKEWjF,4/15/19 8:36,4/15/19 8:46,615,4/15/19 8:46,40.64179993,15.8079071,2,0-5-28847-16305-10872-L,Yes,Yes,Yes,Moderately satisfied,Extremely intuitive,Male,35 - 44,No,White,4 year degree,Married,Employed part time,"$20,000 - $29,999",Right,na,34604732,0,5,28847,16305,10872
R_yCKlsxKQDhbQrOF,4/15/19 8:42,4/15/19 8:47,246,4/15/19 8:47,42.73069763,-84.48529816,2,5-0-4750-5288-18932-R,Yes,Yes,Yes,Neither satisfied nor dissatisfied,Slightly intuitive,Male,25 - 34,No,White,Professional degree,Never married,Employed full time,"$20,000 - $29,999",Left,48910,19014859,5,0,4750,5288,18932
R_2axlka5DitkeWA0,4/15/19 8:38,4/15/19 8:51,826,4/15/19 8:51,13.08430481,80.28048706,20,5-1-13641-7274-7353-L,Yes,Yes,Yes,Extremely satisfied,Extremely intuitive,Male,25 - 34,No,Asian,4 year degree,Never married,Employed full time,"$30,000 - $39,999",Left,60644,70979132,5,1,13641,7274,7353
R_0k2KQCbTawfSfVn,4/15/19 8:47,4/15/19 8:54,413,4/15/19 8:54,41.25830078,-73.94120026,2,8-1-7952-10625-4960-L,Yes,Yes,Yes,Neither satisfied nor dissatisfied,Very intuitive,Female,35 - 44,No,White,2 year degree,Married,Employed part time,"$90,000 - $99,999",Right,10511,1961490,8,1,7952,10625,4960
R_3ksUNDmkjezrL5n,4/15/19 8:53,4/15/19 8:57,243,4/15/19 8:57,10.31010437,123.8929138,2,0-6-8392-9840-6833-R,Yes,Yes,Yes,Extremely satisfied,Extremely intuitive,Male,18 - 24,No,White,Some college,Never married,Employed full time,"Less than $10,000",Right,na,44541755,0,6,8392,9840,6833
R_2aV6dq0PPhzXt5x,4/15/19 8:48,4/15/19 9:00,724,4/15/19 9:00,40.75030518,-74.00140381,19,1-5-32289-10337-7162-R,No,No,No,Extremely satisfied,Very intuitive,Male,35 - 44,No,White,2 year degree,Married,Employed full time,"$50,000 - $59,999",Right,48888,74248679,1,5,32289,10337,7162
R_2dRC0ORa7ZoZW7z,4/15/19 8:56,4/15/19 9:03,440,4/15/19 9:03,11.1000061,77.3500061,19,0-6-6920-7545-6473-L,Yes,Yes,Yes,Moderately satisfied,Extremely intuitive,Female,25 - 34,No,Other,Professional degree,Never married,Employed part time,"Less than $10,000",Right,na,88000737,0,6,6920,7545,6473
R_2v5KH2NYBJQO0AX,4/15/19 9:15,4/15/19 9:20,302,4/15/19 9:20,40.72599792,-73.84799957,19,7-0-10087-17333-8118-R,Yes,Yes,Yes,Extremely dissatisfied,Not intuitive at all,Male,25 - 34,No,Asian,4 year degree,Never married,Employed full time,"$80,000 - $89,999",Right,11375,78741285,7,0,10087,17333,8118
R_2RadPjvcoKU5eaw,4/15/19 9:30,4/15/19 9:36,371,4/15/19 9:36,13.08430481,80.28048706,5,2-5-6049-4970-4096-R,Yes,Yes,No,Extremely satisfied,Extremely intuitive,Male,25 - 34,No,Asian,4 year degree,Never married,Employed full time,"$90,000 - $99,999",Right,na,15893130,2,5,6049,4970,4096
R_1q1yyImrFIAfH4j,4/15/19 9:34,4/15/19 9:39,353,4/15/19 9:39,26.73829651,-80.27600098,2,0-5-9552-8785-9724-R,Yes,Yes,Yes,Extremely satisfied,Very intuitive,Male,25 - 34,No,White,4 year degree,Never married,Unemployed not looking for work,"$50,000 - $59,999",Right,33470,37938390,0,5,9552,8785,9724
R_3GfyvWlRdfFMuPC,4/15/19 9:33,4/15/19 9:42,542,4/15/19 9:42,43.41059875,-80.50109863,2,0-11-3873-7106-4106-L,Yes,Yes,Yes,Moderately satisfied,Moderately intuitive,Female,18 - 24,No,White,Some college,Never married,Employed full time,"$20,000 - $29,999",Right,na,67595587,0,11,3873,7106,4106
R_1ALvBi6dvkvihZT,4/15/19 9:38,4/15/19 9:43,296,4/15/19 9:43,41.67900085,-88.14029694,2,5-1-15600-22568-10379-L,Yes,Yes,Yes,Extremely satisfied,Extremely intuitive,Male,35 - 44,No,White,2 year degree,Married,Employed full time,"$60,000 - $69,999",Right,61761,76802863,5,1,15600,22568,10379
R_ThfhLXR3h7lp5IZ,4/11/19 19:07,4/15/19 9:45,311866,4/15/19 9:45,12.98330688,77.58331299,2,10-10-13961-8298-7978-L,No,No,No,Extremely satisfied,Very intuitive,Male,25 - 34,No,Asian,4 year degree,Never married,Employed full time,"Less than $10,000",Right,na,5762490,10,10,13961,8298,7978
R_1IobYZRR7E7Esjs,4/15/19 9:42,4/15/19 9:46,230,4/15/19 9:46,43.77929688,11.24630737,2,0-5-10286-8070-7184-L,Yes,Yes,Yes,Slightly satisfied,Moderately intuitive,Male,35 - 44,No,White,Doctorate,Never married,Employed full time,"$20,000 - $29,999",Right,na,44601482,0,5,10286,8070,7184
R_2YndCN1uLPW0Lfv,4/15/19 9:41,4/15/19 9:54,802,4/15/19 9:54,53.33380127,-6.248794556,2,9-1-29918-23644-111901-L,Yes,Yes,Yes,Slightly dissatisfied,Moderately intuitive,Male,35 - 44,No,White,2 year degree,Married,Employed full time,"$40,000 - $49,999",Right,Na,37325854,9,1,29918,23644,111901
R_2Baspg8scDqnJXA,4/15/19 9:50,4/15/19 9:57,371,4/15/19 9:57,37.88679504,-84.5667038,2,5-2-17551-11534-10722-R,Yes,Yes,Yes,Slightly satisfied,Very intuitive,Male,25 - 34,Yes,Black or African American,2 year degree,Never married,Employed full time,"$50,000 - $59,999",Right,40507,83319067,5,2,17551,11534,10722
R_0NBR19vJFK3ViMh,4/15/19 9:56,4/15/19 9:59,190,4/15/19 9:59,13.08430481,80.28048706,5,3-5-3898-3928-3865-L,Yes,Yes,No,Extremely satisfied,Very intuitive,Female,25 - 34,No,Asian,4 year degree,Never married,Employed full time,"$100,000 - $149,999",Right,na,44571000,3,5,3898,3928,3865
R_wMIKNN5wfwFrAOZ,4/15/19 10:08,4/15/19 10:16,495,4/15/19 10:16,43.14790344,12.10969543,2,6-5-7380-18192-9210-L,Yes,Yes,Yes,Moderately satisfied,Moderately intuitive,Female,25 - 34,No,Other,4 year degree,Never married,Employed full time,"$20,000 - $29,999",Right,na,11274680,6,5,7380,18192,9210
R_1P7N9X3n82uEGmJ,4/15/19 10:17,4/15/19 10:22,328,4/15/19 10:22,43.14790344,12.10969543,2,5-3-4264-10442-6210-L,Yes,Yes,Yes,Moderately satisfied,Very intuitive,Female,25 - 34,No,Other,4 year degree,Never married,Employed full time,"$20,000 - $29,999",Right,na,24118831,5,3,4264,10442,6210
R_3h6MscYaeht6zhd,4/15/19 10:13,4/15/19 10:30,1050,4/15/19 10:30,39.73010254,-104.9077988,2,14-2-7001-18845-6121-L,Yes,Yes,Yes,Moderately satisfied,Moderately intuitive,Male,55 - 64,No,White,4 year degree,Married,Employed part time,"$50,000 - $59,999",Right,80128,95780833,14,2,7001,18845,6121
R_2fE8ms1dF46qJVP,4/14/19 10:06,4/15/19 10:31,87917,4/15/19 10:31,13.08430481,80.28048706,6,0-2-7242-11619-7951-R,No,Yes,Yes,Extremely satisfied,Very intuitive,Female,18 - 24,Yes,White,Some college,Never married,Employed part time,"$30,000 - $39,999",Right,na,93942492,0,2,7242,11619,7951
R_RFaXRN35FrgT6Yp,4/15/19 10:24,4/15/19 10:47,1379,4/15/19 10:47,17.37840271,78.47119141,2,31-12-7655-142846-29965-R,Yes,Yes,Yes,Moderately satisfied,Moderately intuitive,Male,35 - 44,No,Asian,4 year degree,Never married,Employed full time,"$60,000 - $69,999",Left,60490,524961,31,12,7655,142846,29965
R_31a6BRjHSrdK8sO,4/15/19 10:31,4/15/19 10:48,1027,4/15/19 10:48,51.5164032,-0.093002319,2,83-9-215523-14481-18415-R,Yes,No,No,Extremely satisfied,Extremely intuitive,Male,18 - 24,Yes,White,4 year degree,Never married,Student,"$20,000 - $29,999",Right,na,4830854,83,9,215523,14481,18415
R_0wZyswDZgHuhTBn,4/15/19 10:51,4/15/19 10:56,268,4/15/19 10:56,53.26829529,-8.919998169,19,4-1-28100-12649-16264-R,Yes,Yes,Yes,Moderately satisfied,Very intuitive,Male,35 - 44,No,White,High school graduate,Married,Employed full time,"$20,000 - $29,999",Right,92300,3361678,4,1,28100,12649,16264
R_2c6ZomzaTipFZEO,4/15/19 10:56,4/15/19 11:17,1282,4/15/19 11:17,40.45249939,-79.93190002,2,6-3-7736-392338-146400-R,Yes,Yes,Yes,Slightly satisfied,Moderately intuitive,Female,25 - 34,No,White,Some college,Never married,Student,"$60,000 - $69,999",Right,15145,65020417,6,3,7736,392338,146400
R_1ptcr6gKUf9MQyo,4/13/19 12:17,4/15/19 11:21,169432,4/15/19 11:21,50.72720337,7.085098267,2,6-5-48733-5057-6928-L,Yes,Yes,Yes,Extremely satisfied,Moderately intuitive,Male,25 - 34,No,White,Professional degree,Never married,Employed full time,"$40,000 - $49,999",Right,na,52926736,6,5,48733,5057,6928
R_3QDghmGlkt17efk,4/15/19 10:59,4/15/19 11:24,1471,4/15/19 11:24,40.74279785,-73.97119904,14,4-6-89136-15184-5633-R,Yes,Yes,Yes,Slightly satisfied,Very intuitive,Female,25 - 34,No,White,4 year degree,Never married,Employed full time,"$70,000 - $79,999",Right,11223,48019082,4,6,89136,15184,5633
R_1rwCChJh8hSgZsd,4/15/19 11:13,4/15/19 11:24,673,4/15/19 11:24,13.08430481,80.28048706,2,0-5-28585-21247-12344-R,No,No,Yes,Moderately satisfied,Moderately intuitive,Female,18 - 24,Yes,White,4 year degree,Separated,Employed full time,"$20,000 - $29,999",Right,66101,61350471,0,5,28585,21247,12344
R_1DBXUMVzRBzSgXG,4/15/19 12:15,4/15/19 12:19,238,4/15/19 12:19,13.08430481,80.28048706,2,0-5-4484-4946-4717-R,No,No,Yes,Slightly satisfied,Extremely intuitive,Female,18 - 24,Yes,White,4 year degree,Separated,Employed part time,"$20,000 - $29,999",Right,66102,24240595,0,5,4484,4946,4717
R_cFUBOAD2th6YFBD,4/13/19 13:36,4/15/19 12:33,168992,4/15/19 12:33,13.08430481,80.28048706,2,0-5-3456-4428-3401-R,No,No,No,Moderately satisfied,Extremely intuitive,Female,18 - 24,Yes,White,4 year degree,Separated,Employed part time,"$20,000 - $29,999",Both,66103,79177702,0,5,3456,4428,3401
R_Z9rNSClSo2hPj3z,4/15/19 11:10,4/15/19 12:37,5219,4/15/19 12:37,13.08430481,80.28048706,2,0-5-3898-3967-4560-L,No,No,No,Moderately satisfied,Extremely intuitive,Female,18 - 24,Yes,White,Professional degree,Separated,Employed full time,"$10,000 - $19,999",Both,66102,24895859,0,5,3898,3967,4560
R_1FkWKwomS10hCec,4/15/19 12:51,4/15/19 12:58,451,4/15/19 12:58,45.53970337,-122.9637985,2,5-1-4230-13368-4055-R,Yes,Yes,Yes,Moderately satisfied,Extremely intuitive,Male,25 - 34,No,White,4 year degree,Never married,Unemployed looking for work,"$20,000 - $29,999",Right,97124,11757759,5,1,4230,13368,4055
R_31FbuypCPcrem73,4/15/19 13:18,4/15/19 13:21,208,4/15/19 13:21,9.981903076,76.28448486,2,0-5-5441-7488-4089-R,Yes,Yes,Yes,Moderately satisfied,Extremely intuitive,Male,18 - 24,No,Asian,High school graduate,Married,Employed full time,"Less than $10,000",Right,na,49163394,0,5,5441,7488,4089
R_DH31fquRQnaSKS5,4/15/19 9:33,4/15/19 13:22,13760,4/15/19 13:22,29.87379456,-95.52330017,2,0-5-17639-20513-13704-L,Yes,Yes,Yes,Moderately satisfied,Moderately intuitive,Male,45 - 54,No,"White,Asian",Professional degree,Never married,Employed full time,"$30,000 - $39,999",Right,77040,44844088,0,5,17639,20513,13704
R_3PjECD1qK8uUnTm,4/15/19 13:33,4/15/19 13:48,936,4/15/19 13:48,39.01800537,-77.53900146,2,11-7-7320-7618-10777-L,Yes,Yes,Yes,Moderately satisfied,Very intuitive,Male,35 - 44,Yes,White,4 year degree,Married,Employed full time,"Less than $10,000",Right,85142,15536365,11,7,7320,7618,10777
R_WApfYDcBfOaw6vD,4/15/19 13:59,4/15/19 14:04,319,4/15/19 14:04,28.23649597,-82.3289032,4,12-5-33661-12606-12850-L,No,No,No,Extremely satisfied,Very intuitive,Male,35 - 44,Yes,Asian,Professional degree,Married,Employed full time,"$90,000 - $99,999",Right,33543,31381175,12,5,33661,12606,12850
R_1erTBfWIvbSFtXd,4/15/19 14:29,4/15/19 14:36,396,4/15/19 14:36,15,-86.5,2,1-5-5721-7041-7434-R,Yes,Yes,Yes,Extremely satisfied,Very intuitive,Male,25 - 34,No,White,4 year degree,Married,Employed full time,"$50,000 - $59,999",Right,98271,64986426,1,5,5721,7041,7434
R_1EZ0FVAVLKDM4u3,4/15/19 14:34,4/15/19 14:46,714,4/15/19 14:46,9.979904175,76.5737915,19,0-6-9520-10017-8905-R,No,No,No,Slightly satisfied,Very intuitive,Male,25 - 34,No,Asian,Professional degree,Never married,Employed full time,"$60,000 - $69,999",Right,na,96611041,0,6,9520,10017,8905
R_26m3ZGUuouZH48o,4/15/19 14:43,4/15/19 14:50,419,4/15/19 14:50,50,8.271102905,7,6-1-12615-12029-7003-L,Yes,Yes,Yes,Slightly satisfied,Moderately intuitive,Female,25 - 34,No,White,4 year degree,Never married,Student,"$20,000 - $29,999",Right,na,92826937,6,1,12615,12029,7003
R_T6OyyADAWAMgE13,4/15/19 14:59,4/15/19 15:04,344,4/15/19 15:04,38.64329529,-90.25749969,10,9-1-11191-14802-39388-R,Yes,Yes,Yes,Moderately satisfied,Moderately intuitive,Female,25 - 34,Yes,White,Professional degree,Never married,Student,"Less than $10,000",Right,63108,38480959,9,1,11191,14802,39388
R_3lSOgmgEfWrVzDU,4/15/19 14:54,4/15/19 15:04,620,4/15/19 15:04,39.08959961,-103.8188019,2,13-1-4088-4656-4001-L,Yes,Yes,Yes,Moderately satisfied,Very intuitive,Male,18 - 24,No,White,Some college,Never married,Employed full time,"$10,000 - $19,999",Right,33323,11212874,13,1,4088,4656,4001
R_sYdgfp8qOYY2gqB,4/15/19 14:58,4/15/19 15:06,491,4/15/19 15:06,34.00320435,-117.9617004,2,4-1-14634-15871-15157-R,Yes,Yes,Yes,Moderately satisfied,Very intuitive,Female,18 - 24,No,Asian,4 year degree,Married,Employed full time,"$90,000 - $99,999",Right,91706,30088981,4,1,14634,15871,15157
R_3EsaujnVHYmPChC,4/15/19 15:01,4/15/19 15:09,507,4/15/19 15:09,39.0480957,-77.47280121,2,9-9-4691-5691-3983-R,No,Yes,No,Slightly satisfied,Moderately intuitive,Female,18 - 24,No,Black or African American,4 year degree,Never married,Student,"$20,000 - $29,999",Right,NA,31496804,9,9,4691,5691,3983
R_27UKWAQZc8uoVVa,4/15/19 16:51,4/15/19 16:53,164,4/15/19 16:53,32.23379517,-110.9499969,2,0-5-3063-8510-3732-L,Yes,Yes,Yes,Slightly satisfied,Moderately intuitive,Female,18 - 24,No,White,Some college,Never married,Student,"$80,000 - $89,999",Right,50613,50452928,0,5,3063,8510,3732
R_6WNjLg4aLDrqgTf,4/15/19 17:14,4/15/19 17:20,380,4/15/19 17:20,-8.010192871,-34.95030212,2,4-2-10995-9432-6118-L,Yes,Yes,Yes,Neither satisfied nor dissatisfied,Slightly intuitive,Male,25 - 34,No,Other,4 year degree,Never married,Unemployed not looking for work,"$50,000 - $59,999",Right,na,21669740,4,2,10995,9432,6118
R_3L1fpJ2pg3xxldl,4/15/19 18:22,4/15/19 18:31,539,4/15/19 18:31,45.46609497,-98.48560333,2,1-6-8078-8115-18093-R,Yes,Yes,Yes,Neither satisfied nor dissatisfied,Slightly intuitive,Female,35 - 44,No,White,4 year degree,Married,Unemployed not looking for work,"$80,000 - $89,999",Right,57401,43789739,1,6,8078,8115,18093
R_2tbQKGGEwHSlvdE,4/15/19 18:31,4/15/19 18:35,282,4/15/19 18:35,33.91349792,-84.68589783,2,0-5-13809-6856-7521-L,Yes,Yes,Yes,Slightly satisfied,Moderately intuitive,Female,25 - 34,No,Black or African American,Some college,Never married,Employed full time,"$40,000 - $49,999",Right,30127,1567858,0,5,13809,6856,7521
R_3g7wntXQNfBJE5B,4/15/19 18:46,4/15/19 18:50,245,4/15/19 18:50,40.08099365,-82.93830109,0,1-6-62783-11002-13524-L,Yes,Yes,Yes,Moderately satisfied,Moderately intuitive,Female,25 - 34,No,White,Some college,Never married,Employed part time,"$60,000 - $69,999",Right,43229,85592425,1,6,62783,11002,13524
R_3e8C71Pksi0enGW,4/15/19 19:05,4/15/19 19:09,271,4/15/19 19:09,1.213592529,-77.28109741,7,1-5-11321-8360-8912-R,No,No,No,Moderately satisfied,Very intuitive,Female,25 - 34,Yes,White,Some college,Never married,Employed full time,"Less than $10,000",Right,na,67919049,1,5,11321,8360,8912
R_yKjboyBLUOyq72V,4/15/19 19:03,4/15/19 19:12,546,4/15/19 19:12,32.85450745,-97.1359024,2,5-1-28039-21983-12195-R,Yes,Yes,No,Slightly satisfied,Moderately intuitive,Female,55 - 64,No,White,Some college,Divorced,Disabled,"$10,000 - $19,999",Right,76021,61790823,5,1,28039,21983,12195
R_3g7sYFmRjOSOdZL,4/15/19 19:07,4/15/19 19:14,411,4/15/19 19:14,33.39079285,-111.9184036,2,7-3-12412-16272-9704-L,Yes,Yes,Yes,Extremely satisfied,Extremely intuitive,Female,35 - 44,No,White,High school graduate,Married,Employed part time,"$20,000 - $29,999",Right,85282,3188962,7,3,12412,16272,9704
R_3RkG2ueQ5hl5hpk,4/15/19 18:59,4/15/19 19:17,1090,4/15/19 19:17,13.08430481,80.28048706,11,3-7-15617-12999-19926-R,Yes,Yes,Yes,Extremely satisfied,Very intuitive,Male,18 - 24,Yes,White,4 year degree,Married,Employed full time,"$10,000 - $19,999",Right,75457,82602773,3,7,15617,12999,19926
R_1QsUVd6CUzcwCs7,4/15/19 19:31,4/15/19 19:39,476,4/15/19 19:39,33.03259277,-96.7858963,2,0-7-5920-9750-7196-R,Yes,Yes,Yes,Slightly satisfied,Very intuitive,Male,35 - 44,No,White,4 year degree,Married,Employed part time,"$20,000 - $29,999",Right,75074,65360039,0,7,5920,9750,7196
R_11iFILtCT5dcMVc,4/15/19 19:46,4/15/19 19:52,349,4/15/19 19:52,-26.96409607,-48.63079834,2,0-5-31688-85089-1555379410599-R,Yes,No,Yes,Extremely satisfied,Extremely intuitive,Male,25 - 34,Yes,White,4 year degree,Married,Employed full time,"$30,000 - $39,999",Right,Na,57892327,0,5,31688,85089,1.55538E+12
R_3eqK9MHRC9WlHMD,4/15/19 19:48,4/15/19 19:54,372,4/15/19 19:54,29.58940125,-98.52010345,1,11-3-4340-6082-14031-R,Yes,Yes,Yes,Moderately satisfied,Extremely intuitive,Male,18 - 24,No,White,4 year degree,Never married,Employed full time,"$60,000 - $69,999",Right,78249,67419192,11,3,4340,6082,14031
R_3qjQGwgErL3570L,4/15/19 19:41,4/15/19 19:57,940,4/15/19 19:57,39.13609314,-77.28240204,2,0-5-17475-56227-11041-R,Yes,Yes,Yes,Slightly satisfied,Very intuitive,Female,45 - 54,No,Other,Some college,Married,Employed full time,"$30,000 - $39,999",Both,20874,69990366,0,5,17475,56227,11041
R_1CEjgWbixd6cFJW,4/15/19 19:58,4/15/19 20:03,277,4/15/19 20:03,49.96960449,-97.15540314,2,4-1-9228-12436-4092-R,Yes,Yes,Yes,Neither satisfied nor dissatisfied,Moderately intuitive,Female,18 - 24,No,White,4 year degree,Never married,Employed part time,"$100,000 - $149,999",Left,na,66268358,4,1,9228,12436,4092
R_3sctdUY20TnoT9n,4/15/19 19:51,4/15/19 20:04,787,4/15/19 20:04,10.80499268,78.68560791,2,0-5-28137-9570-4952-L,Yes,Yes,Yes,Moderately satisfied,Very intuitive,Male,25 - 34,No,Asian,Professional degree,Married,Employed part time,"Less than $10,000",Right,na ,1503771,0,5,28137,9570,4952
R_1LRqchjfFidzOZy,4/15/19 20:55,4/15/19 21:05,591,4/15/19 21:05,25.94869995,-80.2818985,19,2-4-13819-16999-9451-R,Yes,Yes,Yes,Extremely satisfied,Extremely intuitive,Female,18 - 24,No,Black or African American,Some college,Never married,Unemployed looking for work,"$10,000 - $19,999",Right,33055,58598235,2,4,13819,16999,9451
R_2aUEquNmJdQB8wm,4/15/19 20:39,4/15/19 21:09,1817,4/15/19 21:09,10.99099731,76.96670532,2,2-5-8434-7184-7356-R,Yes,Yes,Yes,Extremely satisfied,Extremely intuitive,Female,25 - 34,Yes,American Indian or Alaska Native,Some college,Married,Employed part time,"$10,000 - $19,999",Right,na,9476210,2,5,8434,7184,7356
R_CmEltkeCWd719wR,4/15/19 21:18,4/15/19 21:24,406,4/15/19 21:24,36.6434021,-76.24199677,2,5-1-23447-10355-5639-R,Yes,Yes,Yes,Moderately satisfied,Moderately intuitive,Male,25 - 34,No,White,4 year degree,Never married,Unemployed looking for work,"$100,000 - $149,999",Right,23322,43850651,5,1,23447,10355,5639
R_3hmu1wieaJXVODg,4/15/19 21:41,4/15/19 21:54,764,4/15/19 21:54,36.30659485,-86.61009979,2,0-5-16370-25776-7844-R,Yes,Yes,No,Slightly satisfied,Moderately intuitive,Female,45 - 54,No,American Indian or Alaska Native,Some college,Separated,Employed full time,"$20,000 - $29,999",Right,37075,84765474,0,5,16370,25776,7844
R_1gjcZxzdgA0O6aK,4/15/19 21:53,4/15/19 21:57,256,4/15/19 21:57,12.98330688,77.58331299,12,3-7-7732-5555-6056-L,Yes,Yes,Yes,Moderately satisfied,Very intuitive,Female,18 - 24,Yes,Asian,Professional degree,Married,Employed full time,"$60,000 - $69,999",Right,60406,14533344,3,7,7732,5555,6056
R_C3n7O0n81D5UZTH,4/15/19 21:56,4/15/19 21:59,180,4/15/19 21:59,12.98330688,77.58331299,17,0-6-5050-3821-2917-R,Yes,Yes,Yes,Slightly satisfied,Moderately intuitive,Female,25 - 34,No,"American Indian or Alaska Native,Asian",4 year degree,Married,Employed full time,"$70,000 - $79,999",Left,60406,16066889,0,6,5050,3821,2917
R_2tJwytyNe4aPyPI,4/15/19 21:51,4/15/19 21:59,489,4/15/19 21:59,12.98330688,77.58331299,8,1-5-19675-9620-10714-L,Yes,Yes,Yes,Slightly satisfied,Slightly intuitive,Female,25 - 34,Yes,Asian,Professional degree,Married,Employed full time,"$80,000 - $89,999",Right,60406,28593334,1,5,19675,9620,10714
R_1Qz2Coe5DMVsoFK,4/15/19 22:03,4/15/19 22:07,191,4/15/19 22:07,12.98330688,77.58331299,17,1-4-2697-3773-2435-L,Yes,Yes,Yes,Slightly satisfied,Moderately intuitive,Female,25 - 34,No,Asian,4 year degree,Married,Employed full time,"$60,000 - $69,999",Left,60406,84404642,1,4,2697,3773,2435
R_1doSNdqPa3mfxDE,4/15/19 21:49,4/15/19 22:07,1102,4/15/19 22:07,12.98330688,77.58331299,11,49-6-41897-25201-9600-L,Yes,Yes,Yes,Moderately satisfied,Very intuitive,Female,18 - 24,Yes,"Black or African American,Asian",4 year degree,Married,Employed full time,"$40,000 - $49,999",Left,60406,40863861,49,6,41897,25201,9600
R_d52WbUq6INBCIYF,4/15/19 21:50,4/15/19 22:10,1199,4/15/19 22:10,12.98330688,77.58331299,12,49-6-41897-25201-9600-L,Yes,Yes,Yes,Moderately dissatisfied,Slightly intuitive,Male,25 - 34,Yes,Black or African American,Professional degree,Never married,Employed full time,"$10,000 - $19,999",Right,60406,32262429,49,6,41897,25201,9600
R_2ahPA9ZA47gh1VI,4/15/19 22:13,4/15/19 22:20,388,4/15/19 22:20,35.80470276,-78.88809967,5,8-1-3977-6238-36279-R,Yes,Yes,Yes,Extremely dissatisfied,Not intuitive at all,Male,25 - 34,No,White,2 year degree,Married,Employed full time,"More than $150,000",Right,27617,62405415,8,1,3977,6238,36279
R_BJsl86wJ5jKHb9v,4/15/19 21:57,4/15/19 22:34,2180,4/15/19 22:34,13.08430481,80.28048706,19,16-10-23780-79624-11345-L,Yes,Yes,Yes,Moderately satisfied,Moderately intuitive,Female,25 - 34,No,Other,Some college,Never married,Employed part time,"Less than $10,000",Right,NA,52299647,16,10,23780,79624,11345
R_0MWBEr0ii1BtANH,4/15/19 22:08,4/16/19 0:08,7203,4/16/19 0:08,12.98330688,77.58331299,0,8-7-7283-8151-4951-L,Yes,Yes,Yes,Moderately satisfied,Very intuitive,Female,18 - 24,Yes,Asian,Professional degree,Married,Employed full time,"$30,000 - $39,999",Right,na,88157841,8,7,7283,8151,4951
R_3F2IDhpbCJx8RYH,4/15/19 22:05,4/16/19 0:12,7627,4/16/19 0:12,12.98330688,77.58331299,0,14-4-4335-4620-4970-L,Yes,Yes,Yes,Moderately satisfied,Very intuitive,Female,18 - 24,Yes,Asian,4 year degree,Never married,Employed full time,"$20,000 - $29,999",Right,NA,14127652,14,4,4335,4620,4970
R_1Kvyfqu2utOlAnQ,4/16/19 3:54,4/16/19 4:10,989,4/16/19 4:10,12.98330688,77.58331299,0,0-3-6797-4933-3999-L,Yes,Yes,Yes,Slightly satisfied,Very intuitive,Female,18 - 24,Yes,Asian,Professional degree,Never married,Employed full time,"$20,000 - $29,999",Right,NA,54487237,0,3,6797,4933,3999
R_25HgEIsvX1mc4YE,4/16/19 5:20,4/16/19 5:29,574,4/16/19 5:29,12.98330688,77.58331299,0,0-2-2700-6131-6250-R,Yes,Yes,Yes,,Very intuitive,Female,18 - 24,Yes,Asian,Some college,Married,Employed full time,"$10,000 - $19,999",Right,NA,46856873,0,2,2700,6131,6250
R_3NOm3yobHweXwiU,4/16/19 10:34,4/16/19 10:48,865,4/16/19 10:48,9.933303833,78.11669922,0,5-5-95121-24377-13752-L,No,Yes,No,Extremely satisfied,Extremely intuitive,Male,18 - 24,Yes,White,4 year degree,Never married,Student,"Less than $10,000",Right,90001,42980721,5,5,95121,24377,13752
R_3ELxmo6ieGlbXsd,4/16/19 10:41,4/16/19 10:57,982,4/16/19 10:57,13.08430481,80.28048706,0,0-5-7922-3737-31001-L,Yes,No,Yes,Extremely satisfied,Extremely intuitive,Male,18 - 24,Yes,White,4 year degree,Never married,Student,"Less than $10,000",Right,99501,15376108,0,5,7922,3737,31001
R_OJOjGfL9kHCzseB,4/16/19 11:27,4/16/19 11:31,205,4/16/19 11:31,45.11839294,-93.34609985,2,5-1-6234-13378-8071-L,Yes,Yes,Yes,Slightly satisfied,Very intuitive,Female,45 - 54,No,White,4 year degree,Married,Employed part time,"$90,000 - $99,999",Right,55448,20407395,5,1,6234,13378,8071
R_3maGkEFvCUFS96K,4/16/19 11:15,4/16/19 11:31,935,4/16/19 11:31,43.34939575,-4.047897339,2,0-5-14809-20768-14766-R,Yes,Yes,Yes,Extremely satisfied,Very intuitive,Male,18 - 24,No,White,Some college,Never married,Employed part time,"$10,000 - $19,999",Right,32703,93347903,0,5,14809,20768,14766
R_RVl9LGgTnX2Spfb,4/16/19 11:30,4/16/19 11:43,753,4/16/19 11:43,25.78059387,-80.18260193,2,0-6-13145-32637-26168-R,No,Yes,Yes,Extremely satisfied,Very intuitive,Female,25 - 34,No,White,Professional degree,Never married,Employed full time,"$10,000 - $19,999",Right,81502,30770598,0,6,13145,32637,26168
R_3ekKgFMMnpVhZCo,4/16/19 18:30,4/16/19 18:40,546,4/16/19 18:40,47.67219543,-122.1257019,2,3-7-6196-12243-6938-L,Yes,Yes,Yes,Moderately satisfied,Very intuitive,Female,25 - 34,No,White,4 year degree,Never married,Unemployed looking for work,"$60,000 - $69,999",Left,98052,296651,3,7,6196,12243,6938
R_3qsUn4yHzDr0twg,4/16/19 18:41,4/16/19 18:47,347,4/16/19 18:47,55.8802948,-4.305496216,7,0-5-4710-25951-6179-R,Yes,Yes,Yes,Slightly satisfied,Very intuitive,Male,25 - 34,No,White,4 year degree,Never married,Employed part time,"$10,000 - $19,999",Right,na,9472558,0,5,4710,25951,6179
R_R5eLOamCUTGxL7X,4/16/19 19:08,4/16/19 19:23,901,4/16/19 19:23,33.0993042,-98.58319855,2,4-0-5510-5376-7985-R,Yes,Yes,Yes,Moderately satisfied,Slightly intuitive,Other,35 - 44,No,White,Professional degree,Divorced,Employed full time,"$20,000 - $29,999",Right,76450,57180315,4,0,5510,5376,7985
R_2CBzHOohSSwemlT,4/16/19 21:30,4/16/19 21:37,422,4/16/19 21:37,10.99099731,76.96670532,2,0-5-14455-8631-6626-L,Yes,Yes,Yes,Extremely satisfied,Very intuitive,Female,25 - 34,No,Asian,4 year degree,Married,Employed full time,"$20,000 - $29,999",Right,na,92736143,0,5,14455,8631,6626
R_3j9iW886PJCp1pL,4/16/19 22:14,4/16/19 22:41,1604,4/16/19 22:41,12.98330688,77.58331299,0,2-2-4953-3684-7901-R,Yes,Yes,Yes,Extremely satisfied,Extremely intuitive,Female,25 - 34,Yes,Asian,Professional degree,Never married,Employed full time,"$10,000 - $19,999",Right,NA,63094189,2,2,4953,3684,7901
R_O8wG33ykLESJPZn,4/17/19 0:47,4/17/19 0:50,137,4/17/19 0:50,12.98330688,77.58331299,11,10-1-3397-4846-4184-L,Yes,Yes,Yes,Extremely satisfied,Very intuitive,Female,18 - 24,Yes,"Black or African American,Asian",4 year degree,Married,Employed full time,"$10,000 - $19,999",Right,60406,93750881,10,1,3397,4846,4184
R_3IQ7kQfHIWP8KEU,4/17/19 6:38,4/17/19 6:42,242,4/17/19 6:42,38.71740723,-9.132095337,2,2-5-9416-7608-7227-L,Yes,Yes,Yes,Moderately satisfied,Extremely intuitive,Male,35 - 44,No,White,High school graduate,Married,Employed full time,"$10,000 - $19,999",Right,na,16891187,2,5,9416,7608,7227
R_3iViuVuaAIYbCEj,4/12/19 0:29,4/17/19 10:00,466247,4/17/19 10:00,13.08430481,80.28048706,0,3-5-3889-4203-9097-L,No,Yes,No,Extremely satisfied,Extremely intuitive,Male,25 - 34,Yes,American Indian or Alaska Native,4 year degree,Never married,Employed full time,"Less than $10,000",Right,99501,77071292,3,5,3889,4203,9097
R_pxxsu5eYMpS9OaR,4/17/19 10:02,4/17/19 10:06,199,4/17/19 10:06,45.91879272,-64.3844986,2,4-2-5238-4002-6217-R,Yes,Yes,Yes,Slightly satisfied,Very intuitive,Male,18 - 24,No,White,Some college,Never married,Student,"$20,000 - $29,999",Right,na,61664761,4,2,5238,4002,6217
R_2XnizI4wx4UL68N,4/11/19 10:50,4/17/19 10:07,515851,4/17/19 10:07,23.77099609,90.3611145,2,0-5-19336-17953-16361-R,No,No,Yes,Moderately satisfied,Very intuitive,Male,18 - 24,No,Asian,4 year degree,Never married,Student,"$10,000 - $19,999",Right,na,88365217,0,5,19336,17953,16361
R_RyOPEhTMxPCWSWd,4/17/19 10:06,4/17/19 10:11,327,4/17/19 10:11,41.58869934,-93.62120056,19,3-6-4019-4971-6244-R,Yes,Yes,Yes,Slightly satisfied,Moderately intuitive,Male,25 - 34,No,White,4 year degree,Never married,Employed part time,"Less than $10,000",Right,50211,10197654,3,6,4019,4971,6244
R_yHZDrJdcwl4Z8at,4/17/19 10:06,4/17/19 10:12,362,4/17/19 10:12,40.11199951,-88.2365036,2,5-2-19266-19134-13373-L,Yes,Yes,Yes,Slightly satisfied,Moderately intuitive,Female,55 - 64,No,White,Some college,Married,Employed part time,"$10,000 - $19,999",Left,61821,46371667,5,2,19266,19134,13373
R_3NOgjlzmkARoGlz,4/17/19 10:02,4/17/19 10:13,677,4/17/19 10:13,13.08430481,80.28048706,2,1-6-5105-20295-6057-R,Yes,Yes,Yes,Moderately satisfied,Very intuitive,Male,35 - 44,No,Asian,Professional degree,Married,Employed full time,"Less than $10,000",Right,na,25486014,1,6,5105,20295,6057
R_1oaJ3yGiFdfwiEe,4/17/19 10:08,4/17/19 10:13,270,4/17/19 10:13,50.82989502,5.708206177,2,3-2-8394-16640-6972-R,Yes,Yes,Yes,Slightly satisfied,Very intuitive,Male,25 - 34,No,White,Professional degree,Never married,Employed full time,"$50,000 - $59,999",Right,na,97827852,3,2,8394,16640,6972
R_3EHhcpPKSqEXTxC,4/17/19 10:08,4/17/19 10:14,397,4/17/19 10:14,10.99099731,76.96670532,2,2-5-11848-11696-24470-L,Yes,No,Yes,Extremely satisfied,Extremely intuitive,Female,25 - 34,No,Asian,4 year degree,Married,Employed part time,"$10,000 - $19,999",Right,na,73035915,2,5,11848,11696,24470
R_1OUdSuOwnIKyEHp,4/17/19 10:11,4/17/19 10:19,483,4/17/19 10:19,28.09460449,-81.49900055,2,0-6-13942-53258-14800-L,Yes,Yes,Yes,Moderately satisfied,Moderately intuitive,Male,45 - 54,Yes,White,4 year degree,Married,Employed full time,"$100,000 - $149,999",Right,34759,55001335,0,6,13942,53258,14800
R_3kLqRsfgkpnNYom,4/17/19 10:14,4/17/19 10:20,346,4/17/19 10:20,33.4355011,-86.11309814,2,4-1-17491-14699-20964-R,Yes,Yes,Yes,Moderately satisfied,Moderately intuitive,Female,35 - 44,No,White,2 year degree,Married,Employed part time,"$60,000 - $69,999",Right,35950,56382565,4,1,17491,14699,20964
R_pAhJn4WuDsfT3fX,4/17/19 10:15,4/17/19 10:21,326,4/17/19 10:21,39.60620117,-84.16950226,2,5-0-10890-10972-4404-L,Yes,Yes,Yes,Moderately satisfied,Very intuitive,Female,25 - 34,No,Asian,Doctorate,Married,Employed full time,"$100,000 - $149,999",Right,80917,15857449,5,0,10890,10972,4404
R_3fK3w5xxt9HNgv3,4/17/19 10:18,4/17/19 10:21,200,4/17/19 10:21,10.51669312,76.21670532,2,0-5-4105-3400-3025-L,Yes,Yes,Yes,Extremely satisfied,Extremely intuitive,Male,18 - 24,No,Asian,High school graduate,Married,Employed full time,"Less than $10,000",Right,na,69325545,0,5,4105,3400,3025
R_1IWuGsLrE3JATB4,4/17/19 10:17,4/17/19 10:21,261,4/17/19 10:21,40.10470581,-88.20619965,6,0-5-9047-13020-7018-L,Yes,Yes,Yes,Moderately satisfied,Very intuitive,Male,25 - 34,No,Asian,4 year degree,Never married,Employed full time,"$60,000 - $69,999",Right,61801,42177642,0,5,9047,13020,7018
R_RXjbyechTtP1H3P,4/17/19 10:18,4/17/19 10:23,247,4/17/19 10:23,-27.89190674,-53.73570251,2,0-6-11184-9984-5152-R,Yes,Yes,Yes,Moderately satisfied,Very intuitive,Male,18 - 24,No,White,2 year degree,Never married,Employed full time,"$30,000 - $39,999",Right,22810,60924305,0,6,11184,9984,5152
R_dcnhUYOlotesIfL,4/17/19 10:17,4/17/19 10:23,359,4/17/19 10:23,36.84440613,-121.3670044,2,5-1-13849-12929-6753-R,Yes,Yes,Yes,Moderately satisfied,Very intuitive,Female,45 - 54,No,White,2 year degree,Married,Employed part time,"$70,000 - $79,999",Right,77080,7285554,5,1,13849,12929,6753
R_3HvmB0cUYT0NK5g,4/17/19 10:19,4/17/19 10:27,471,4/17/19 10:27,42.09300232,-79.2440033,7,5-1-22552-5360-9321-L,Yes,Yes,Yes,Moderately dissatisfied,Not intuitive at all,Female,25 - 34,No,White,Some college,Never married,Unemployed looking for work,"Less than $10,000",Right,14701,66302915,5,1,22552,5360,9321
R_1msi87Lem697rIv,4/17/19 10:22,4/17/19 10:29,424,4/17/19 10:29,36.02490234,-78.47440338,7,6-1-16268-20128-16270-L,Yes,Yes,Yes,Slightly satisfied,Moderately intuitive,Male,45 - 54,No,White,4 year degree,Married,Employed full time,"More than $150,000",Right,27587,32617596,6,1,16268,20128,16270
R_1DAXv9RQ1iXkeHK,4/17/19 10:14,4/17/19 10:33,1143,4/17/19 10:33,40.7960968,-81.37979889,2,11-8-291692-257076-11232-R,Yes,Yes,Yes,Extremely satisfied,Extremely intuitive,Male,55 - 64,No,White,4 year degree,Divorced,Employed full time,"$40,000 - $49,999",Right,44720,50196737,11,8,291692,257076,11232
R_3oN6CNvvo3e4D8W,4/17/19 10:22,4/17/19 10:33,671,4/17/19 10:33,29.87379456,-95.52330017,2,0-4-25181-23351-27182-R,Yes,Yes,Yes,Extremely satisfied,Extremely intuitive,Female,35 - 44,No,White,4 year degree,Married,Employed part time,"$70,000 - $79,999",Right,77040,89744084,0,4,25181,23351,27182
R_1LtGkdCKgzRU96V,4/17/19 10:02,4/17/19 10:38,2161,4/17/19 10:38,39.37730408,-74.61229706,11,4-1-11186-27832-8012-L,Yes,Yes,Yes,Extremely satisfied,Extremely intuitive,Female,25 - 34,No,White,Some college,Married,Employed full time,"$100,000 - $149,999",Right,8205,83772351,4,1,11186,27832,8012
R_2OSCMxMlkccxepZ,4/17/19 10:33,4/17/19 10:38,295,4/17/19 10:38,36.84199524,-119.6577988,2,5-1-18651-7680-7078-R,Yes,Yes,Yes,Slightly satisfied,Moderately intuitive,Male,25 - 34,No,Black or African American,Some college,Never married,Employed full time,"$20,000 - $29,999",Right,93726,59466255,5,1,18651,7680,7078
R_1OJFqXI28qbiJN3,4/17/19 10:35,4/17/19 10:39,237,4/17/19 10:39,33.60679626,-112.2278976,7,0-5-10900-7321-7342-R,Yes,Yes,Yes,Extremely satisfied,Extremely intuitive,Male,18 - 24,No,White,Some college,Never married,Employed full time,"$20,000 - $29,999",Right,85388,61919551,0,5,10900,7321,7342
R_1hWRuMXA3CIGX3J,4/17/19 10:26,4/17/19 10:40,855,4/17/19 10:40,22.57200623,88.36700439,2,6-6-21488-9984-9745-R,Yes,Yes,Yes,Moderately satisfied,Very intuitive,Male,45 - 54,No,Asian,4 year degree,Married,Employed full time,"$10,000 - $19,999",Right,na,60254622,6,6,21488,9984,9745
R_2QLPmF9yHQ9jqER,4/17/19 10:32,4/17/19 10:41,508,4/17/19 10:41,42.9855957,-81.18209839,2,6-5-27383-33755-15882-L,Yes,Yes,Yes,Neither satisfied nor dissatisfied,Moderately intuitive,Female,25 - 34,No,White,Less than high school,Married,Unemployed not looking for work,"$30,000 - $39,999",Right,Na,24331515,6,5,27383,33755,15882
R_3jcUQfQk0BOoahA,4/17/19 10:29,4/17/19 10:41,738,4/17/19 10:41,28.60139465,77.19891357,2,1-7-14430-12126-14314-L,Yes,Yes,Yes,Extremely satisfied,Very intuitive,Male,45 - 54,No,Asian,Professional degree,Married,Employed full time,"$20,000 - $29,999",Right,na,20617470,1,7,14430,12126,14314
R_2cocogBSgCEuOeC,4/17/19 10:37,4/17/19 10:42,301,4/17/19 10:42,31.19929504,-97.93039703,2,5-1-24516-21274-27345-L,Yes,Yes,Yes,Slightly dissatisfied,Moderately intuitive,Male,25 - 34,No,Asian,High school graduate,Married,Student,"$30,000 - $39,999",Right,76522,66088419,5,1,24516,21274,27345
R_9Boszl2F9f6xR1n,4/17/19 10:41,4/17/19 10:46,267,4/17/19 10:46,-26.96409607,-48.63079834,2,1-5-10041-15401-21760-L,Yes,Yes,No,Extremely satisfied,Extremely intuitive,Male,25 - 34,Yes,White,4 year degree,Married,Employed full time,"$20,000 - $29,999",Right,Na,3721466,1,5,10041,15401,21760
R_3qHyyjtWqxdtAT9,4/17/19 10:41,4/17/19 10:54,765,4/17/19 10:54,35.28430176,-80.76000214,2,5-2-19872-25399-7602-R,Yes,Yes,Yes,Moderately satisfied,Very intuitive,Male,35 - 44,No,White,4 year degree,Married,Unemployed not looking for work,"$30,000 - $39,999",Right,32640,48426970,5,2,19872,25399,7602
R_1OOYVQCZERdEB5G,4/17/19 10:40,4/17/19 10:55,911,4/17/19 10:55,13.08430481,80.28048706,2,12-3-15057-17504-10070-L,Yes,Yes,Yes,Moderately satisfied,Moderately intuitive,Male,35 - 44,No,White,4 year degree,Married,Employed full time,"$60,000 - $69,999",Right,2024,91635269,12,3,15057,17504,10070
R_2wpHyfdw7z9Z0mF,4/17/19 10:54,4/17/19 10:57,219,4/17/19 10:57,43.11659241,-87.99040222,2,0-6-6962-7301-7044-L,Yes,Yes,Yes,Slightly dissatisfied,Moderately intuitive,Female,18 - 24,No,White,4 year degree,Married,Employed full time,"$90,000 - $99,999",Right,53225,50319138,0,6,6962,7301,7044
R_2xLyo1IkfxfpOqJ,4/17/19 10:59,4/17/19 11:04,297,4/17/19 11:04,45.50630188,-73.57939911,7,4-5-7464-7681-3576-R,Yes,No,Yes,Moderately satisfied,Moderately intuitive,Male,18 - 24,No,White,Some college,Never married,Employed full time,"$30,000 - $39,999",Left,na,91560489,4,5,7464,7681,3576
R_2WZODFmi8FElvM4,4/17/19 11:06,4/17/19 11:12,372,4/17/19 11:12,37.75100708,-97.8219986,2,0-5-34772-13552-9799-R,Yes,Yes,Yes,Extremely satisfied,Very intuitive,Female,25 - 34,No,White,4 year degree,Divorced,Employed full time,"$80,000 - $89,999",Right,76031,61468815,0,5,34772,13552,9799
R_2wnwXHvpyxHlHnK,4/17/19 11:28,4/17/19 11:36,441,4/17/19 11:36,13.08430481,80.28048706,0,7-10-4137-5314-36810-R,No,Yes,Yes,Extremely satisfied,Extremely intuitive,Male,25 - 34,Yes,American Indian or Alaska Native,4 year degree,Never married,Employed full time,"Less than $10,000",Right,99502,69392873,7,10,4137,5314,36810
R_3kO1vuTlHVGubY1,4/17/19 11:53,4/17/19 12:01,448,4/17/19 12:01,41.97779846,-88.20179749,2,2-7-30320-12504-8369-L,Yes,Yes,Yes,Slightly satisfied,Moderately intuitive,Female,35 - 44,No,Asian,Professional degree,Married,Unemployed looking for work,"$90,000 - $99,999",Right,60103,20163578,2,7,30320,12504,8369
R_245ILlfPu1ZU1Mi,4/17/19 11:48,4/17/19 12:06,1096,4/17/19 12:06,47.28329468,-2.199996948,2,4-1-4990-6810-4309-L,Yes,Yes,Yes,Extremely satisfied,Extremely intuitive,Male,55 - 64,No,White,2 year degree,Married,Retired,"$30,000 - $39,999",Right,na,71014373,4,1,4990,6810,4309
R_2fIoI8J2x4MaHmS,4/17/19 12:11,4/17/19 12:15,205,4/17/19 12:15,50.72720337,7.085098267,2,1-5-4300-4667-5015-R,Yes,Yes,Yes,Extremely satisfied,Moderately intuitive,Male,25 - 34,No,White,Professional degree,Never married,Employed full time,"$40,000 - $49,999",Right,na,12112727,1,5,4300,4667,5015
R_2c26qlQ6xZPlM9k,4/17/19 12:13,4/17/19 12:18,256,4/17/19 12:18,51.73330688,0.483306885,2,6-1-8912-8800-13200-L,Yes,Yes,No,Moderately dissatisfied,Not intuitive at all,Female,18 - 24,No,White,4 year degree,Never married,Employed full time,"$30,000 - $39,999",Right,na,31726223,6,1,8912,8800,13200
R_cTmgMPqHnpe6kpP,4/17/19 12:38,4/17/19 12:47,555,4/17/19 12:47,13.08430481,80.28048706,2,0-5-5576-7365-5333-R,No,Yes,Yes,Extremely satisfied,Extremely intuitive,Female,25 - 34,No,Asian,Professional degree,Never married,Employed full time,"Less than $10,000",Right,na,82540348,0,5,5576,7365,5333
R_1QYnx8gmHBey3Pb,4/17/19 12:51,4/17/19 12:56,339,4/17/19 12:56,32.96279907,-96.3647995,2,5-1-8232-17363-9178-R,Yes,Yes,Yes,Extremely satisfied,Extremely intuitive,Female,35 - 44,No,White,Professional degree,Divorced,Employed part time,"$10,000 - $19,999",Right,75189,82615251,5,1,8232,17363,9178
R_sj58KkoOzlsVH2x,4/17/19 12:54,4/17/19 13:02,486,4/17/19 13:02,32.81309509,-96.81410217,7,4-1-29008-13328-8105-L,Yes,Yes,Yes,Extremely satisfied,Very intuitive,Male,55 - 64,No,White,4 year degree,Married,Employed full time,"$50,000 - $59,999",Right,75235,19325852,4,1,29008,13328,8105
R_1K0SeSHW1JHIciy,4/17/19 13:31,4/17/19 13:37,347,4/17/19 13:37,45.64950562,13.77679443,2,9-2-7577-9248-5273-L,Yes,Yes,Yes,Moderately satisfied,Very intuitive,Female,35 - 44,No,White,4 year degree,Never married,Employed part time,"$10,000 - $19,999",Right,na,6579930,9,2,7577,9248,5273
R_2diMT6As8lJxRbG,4/17/19 13:37,4/17/19 13:41,237,4/17/19 13:41,49.07910156,-122.7552948,2,5-1-6857-7705-7665-L,Yes,Yes,Yes,Extremely satisfied,Very intuitive,Male,35 - 44,No,Asian,4 year degree,Married,Employed full time,"$70,000 - $79,999",Right,98012,49557439,5,1,6857,7705,7665
R_3CZTAQDX7uaoyeF,4/17/19 13:23,4/17/19 13:55,1934,4/17/19 13:55,40.74279785,-73.97119904,19,0-5-11800-9297-9888-L,Yes,Yes,Yes,Moderately satisfied,Very intuitive,Female,25 - 34,No,White,4 year degree,Never married,Employed full time,"$60,000 - $69,999",Right,11223,97009262,0,5,11800,9297,9888
R_2V3yiYArpykQUMe,4/17/19 14:10,4/17/19 14:15,286,4/17/19 14:15,37.67120361,-1.701705933,19,0-5-5424-12641-9602-R,Yes,No,No,Moderately satisfied,Extremely intuitive,Female,18 - 24,Yes,Black or African American,2 year degree,Never married,Employed full time,"Less than $10,000",Right,,13070411,0,5,5424,12641,9602
R_6YebgnkmfrjO1Xj,4/17/19 13:46,4/17/19 14:19,1987,4/17/19 14:19,10.50480652,-66.92079926,19,0-5-4786-19080-5369-R,No,Yes,No,Extremely satisfied,Extremely intuitive,Male,45 - 54,Yes,White,4 year degree,Married,Employed full time,"$50,000 - $59,999",Right,na,1060259,0,5,4786,19080,5369
R_28BZhvAlJhZlEKP,4/17/19 14:29,4/17/19 14:35,327,4/17/19 14:35,28.13850403,-82.74299622,2,2-4-13827-8724-6926-L,Yes,Yes,Yes,Extremely satisfied,Very intuitive,Female,35 - 44,No,White,4 year degree,Divorced,Employed full time,"$50,000 - $59,999",Right,34689,28990428,2,4,13827,8724,6926
R_1JFPci1LOHZLA9G,4/17/19 14:51,4/17/19 15:01,574,4/17/19 15:01,13.08430481,80.28048706,19,11-8-11349-5599-4597-L,Yes,Yes,No,Extremely satisfied,Extremely intuitive,Female,25 - 34,No,Asian,Professional degree,Never married,Employed full time,"$100,000 - $149,999",Right,15006,54488676,11,8,11349,5599,4597
R_3gYDCGqc5s5SiLw,4/17/19 14:58,4/17/19 15:02,264,4/17/19 15:02,52.51220703,13.41639709,7,4-1-3950-7603-5771-L,Yes,Yes,Yes,Slightly satisfied,Moderately intuitive,Male,35 - 44,No,White,4 year degree,Never married,Unemployed looking for work,"$10,000 - $19,999",Right,na,41521167,4,1,3950,7603,5771
R_yUTANXRCFbqFhIZ,4/17/19 15:32,4/17/19 15:37,310,4/17/19 15:37,44.49380493,11.33869934,19,0-5-6824-12320-8928-R,Yes,Yes,Yes,Moderately satisfied,Very intuitive,Male,25 - 34,No,White,4 year degree,Never married,Student,"$20,000 - $29,999",Right,na,51534293,0,5,6824,12320,8928
R_2YWUTjRri44835C,4/17/19 15:59,4/17/19 16:09,581,4/17/19 16:09,32.25579834,-95.31459808,2,0-5-11054-7474-9341-L,Yes,Yes,No,Extremely satisfied,Extremely intuitive,Male,18 - 24,No,Black or African American,High school graduate,Never married,Employed full time,"$20,000 - $29,999",Right,75605,88402516,0,5,11054,7474,9341
R_3NIAmCRJp0yq6BB,4/17/19 16:26,4/17/19 16:39,760,4/17/19 16:39,45.07049561,7.686798096,2,5-1-20374-15457-18798-R,Yes,Yes,Yes,Slightly satisfied,Very intuitive,Male,35 - 44,No,White,Professional degree,Never married,Unemployed looking for work,"Less than $10,000",Right,na,20894407,5,1,20374,15457,18798
R_2aqPULNoWPCUP61,4/17/19 16:50,4/17/19 16:56,369,4/17/19 16:56,34.77839661,-86.60910034,2,4-1-16039-14226-7790-R,Yes,Yes,Yes,Extremely satisfied,Extremely intuitive,Female,18 - 24,No,Black or African American,Some college,Never married,Employed part time,"$30,000 - $39,999",Right,35749,76658512,4,1,16039,14226,7790
R_2VCOnuZTdtFmk5o,4/17/19 18:01,4/17/19 18:15,830,4/17/19 18:15,28.09460449,-81.49900055,2,5-2-28260-18666-15012-R,Yes,Yes,Yes,Extremely satisfied,Extremely intuitive,Female,55 - 64,Yes,Other,Some college,Married,Retired,"$50,000 - $59,999",Right,34759,53178018,5,2,28260,18666,15012
R_XB2fSe4GeHjXaYV,4/17/19 19:37,4/17/19 19:49,692,4/17/19 19:49,28.03030396,-82.78160095,2,5-1-26275-16576-12639-R,Yes,Yes,Yes,Neither satisfied nor dissatisfied,Very intuitive,Female,35 - 44,No,White,4 year degree,Married,Employed full time,"More than $150,000",Right,34698,78695381,5,1,26275,16576,12639
R_URcAlIlgU2B4GZ3,4/17/19 20:51,4/17/19 21:02,627,4/17/19 21:02,39.81469727,-105.1167984,2,0-6-6729-7377-11424-R,Yes,Yes,Yes,Moderately satisfied,Very intuitive,Female,25 - 34,No,Other,Some college,Married,Unemployed looking for work,"$40,000 - $49,999",Right,80030,83310729,0,6,6729,7377,11424
R_3qvCNStAyED6R4q,4/17/19 21:02,4/17/19 21:08,376,4/17/19 21:08,34.30769348,-118.4286957,7,6-5-15872-32015-1555556766677-L,Yes,Yes,Yes,Extremely satisfied,Extremely intuitive,Female,25 - 34,Yes,White,Some college,Never married,Employed part time,"$10,000 - $19,999",Left,91342,52422417,6,5,15872,32015,1.55556E+12
R_1KwGphroGNxSZYw,4/17/19 22:46,4/17/19 22:52,374,4/17/19 22:52,54.53329468,-1.300003052,7,0-5-6352-9708-12210-R,No,No,No,Extremely satisfied,Very intuitive,Male,25 - 34,No,White,Some college,Never married,Unemployed looking for work,"$10,000 - $19,999",Right,na,53354963,0,5,6352,9708,12210
R_tPPshEXvmKctKDv,4/17/19 23:03,4/17/19 23:13,584,4/17/19 23:13,39.09970093,-94.57859802,2,4-6-62300-9751-8081-L,Yes,Yes,Yes,Extremely satisfied,Extremely intuitive,Male,25 - 34,No,White,4 year degree,Married,Employed full time,"$70,000 - $79,999",Right,46805,31029746,4,6,62300,9751,8081
R_1IDVZv9YsrDmF5q,4/12/19 11:59,4/17/19 23:53,474875,4/17/19 23:53,34.05490112,-118.2577972,2,0-5-25611-19601-8612-L,Yes,Yes,Yes,Moderately satisfied,Not intuitive at all,Male,25 - 34,Yes,White,Doctorate,Divorced,Retired,"$50,000 - $59,999",Right,16648,59588884,0,5,25611,19601,8612
R_2XamBOrBkxWdrIY,4/17/19 23:43,4/17/19 23:54,630,4/17/19 23:54,39.09970093,-94.57859802,2,1-5-22668-138330-25292-L,Yes,Yes,Yes,Extremely satisfied,Very intuitive,Female,35 - 44,No,White,4 year degree,Married,Employed full time,"$70,000 - $79,999",Right,46808,88456804,1,5,22668,138330,25292
R_27CEsc49DiAmygq,4/17/19 23:51,4/18/19 0:02,645,4/18/19 0:02,15.15130615,120.5841064,19,0-5-44627-21554-20022-R,No,Yes,Yes,Extremely satisfied,Moderately intuitive,Male,25 - 34,No,Asian,4 year degree,Married,Employed full time,"Less than $10,000",Right,55976,2455129,0,5,44627,21554,20022
R_1hzKCzTYOU1eVcC,4/18/19 1:52,4/18/19 1:58,354,4/18/19 1:58,42.99760437,-81.25630188,2,13-2-21775-5379-7377-L,Yes,Yes,Yes,Moderately satisfied,Extremely intuitive,Male,18 - 24,No,American Indian or Alaska Native,Some college,Separated,Student,"$10,000 - $19,999",Right,na,68977543,13,2,21775,5379,7377
R_O1hhpcmpVxfqXbb,4/18/19 0:28,4/18/19 2:22,6866,4/18/19 2:22,42.88639832,-78.87809753,5,0-5-121385-104903-27155-L,Yes,Yes,Yes,Moderately satisfied,Very intuitive,Female,18 - 24,Yes,Asian,4 year degree,Never married,Employed full time,"$40,000 - $49,999",Right,20120,85049244,0,5,121385,104903,27155
R_2ClzhcrvxKxtOPa,4/18/19 3:10,4/18/19 3:15,260,4/18/19 3:15,32.84249878,-117.2483978,6,1-5-62322-58793-20475-R,Yes,Yes,Yes,Moderately satisfied,Very intuitive,Female,18 - 24,Yes,Asian,4 year degree,Never married,Employed full time,"$30,000 - $39,999",Right,20120,98768348,1,5,62322,58793,20475
R_Zw4Isv4uQTxO2jv,4/18/19 4:01,4/18/19 4:06,285,4/18/19 4:06,48.44960022,-123.302597,2,10-3-7004-109513-1555578170490-R,Yes,Yes,Yes,Slightly dissatisfied,Moderately intuitive,Female,25 - 34,No,White,High school graduate,Married,Unemployed looking for work,"$60,000 - $69,999",Right,na,91783133,10,3,7004,109513,1.55558E+12
R_3ho1xNBohqJURYW,4/18/19 4:44,4/18/19 5:16,1935,4/18/19 5:16,29.86669922,77.88330078,2,0-6-18221-19184-10352-L,Yes,Yes,Yes,Extremely satisfied,Extremely intuitive,Male,25 - 34,No,Asian,Professional degree,Married,Employed full time,"$40,000 - $49,999",Right,na,57083765,0,6,18221,19184,10352
R_cGhEtuXJKL5fjFL,4/18/19 5:24,4/18/19 5:29,285,4/18/19 5:29,34.03720093,-4.999801636,2,0-5-11327-5602-7364-L,Yes,Yes,Yes,Slightly satisfied,Moderately intuitive,Male,18 - 24,No,Other,2 year degree,Never married,Employed part time,"$20,000 - $29,999",Right,na,18171608,0,5,11327,5602,7364
R_2UbGQbYWDe8tOCi,4/18/19 5:33,4/18/19 5:39,347,4/18/19 5:39,51.0052948,-2.19329834,7,2-5-6898-7667-4125-L,Yes,Yes,Yes,Neither satisfied nor dissatisfied,Not intuitive at all,Male,18 - 24,No,White,Professional degree,Never married,Student,"More than $150,000",Right,na,42581576,2,5,6898,7667,4125
R_3D71xIxtfdc67cf,4/18/19 6:51,4/18/19 6:56,308,4/18/19 6:56,32.54840088,-85.46820068,2,6-1-5008-12330-5964-R,Yes,Yes,Yes,Moderately satisfied,Moderately intuitive,Female,35 - 44,No,White,Professional degree,Married,Unemployed not looking for work,"$70,000 - $79,999",Right,36832,78661720,6,1,5008,12330,5964
R_De4zw1k3KKlsCS5,4/18/19 6:47,4/18/19 6:59,706,4/18/19 6:59,27.71420288,85.31451416,2,4-1-41566-30993-8680-L,Yes,Yes,Yes,Moderately satisfied,Very intuitive,Male,25 - 34,No,Asian,4 year degree,Never married,Employed part time,"$30,000 - $39,999",Right,24701,14164463,4,1,41566,30993,8680
R_e8qgCUwmK4Hxvhv,4/18/19 7:36,4/18/19 7:41,301,4/18/19 7:41,40.44419861,-79.95570374,2,0-6-8356-8209-10137-L,Yes,Yes,Yes,Moderately satisfied,Moderately intuitive,Female,25 - 34,No,White,4 year degree,Never married,Student,"$40,000 - $49,999",Right,15208,8488237,0,6,8356,8209,10137
R_1LOI3VG6PD7uuMl,4/18/19 7:47,4/18/19 7:55,442,4/18/19 7:55,38.5316925,-89.99880219,2,0-6-8595-6249-8778-L,Yes,Yes,Yes,Moderately dissatisfied,Slightly intuitive,Male,35 - 44,No,White,4 year degree,Never married,Employed full time,"$50,000 - $59,999",Right,62220,28806214,0,6,8595,6249,8778
R_3ssNlDyMgwix77Q,4/18/19 8:20,4/18/19 8:25,297,4/18/19 8:25,30.07359314,-95.62030029,2,0-5-13270-12188-5932-L,Yes,Yes,Yes,Moderately satisfied,Very intuitive,Male,25 - 34,No,"White,Asian",2 year degree,Never married,Employed full time,"$30,000 - $39,999",Right,77375,90157160,0,5,13270,12188,5932
R_20Si5niryPgfK5B,4/18/19 8:25,4/18/19 8:31,354,4/18/19 8:31,43.66140747,10.63070679,2,5-4-7361-7337-6104-L,Yes,Yes,Yes,Extremely satisfied,Moderately intuitive,Male,25 - 34,No,White,Some college,Never married,Employed full time,"Less than $10,000",Right,na,836653,5,4,7361,7337,6104
R_XTXZ1l11m114PQJ,4/18/19 8:21,4/18/19 8:32,662,4/18/19 8:32,42.28100586,-87.94999695,2,6-2-30924-84281-19425-R,Yes,Yes,Yes,Moderately dissatisfied,Slightly intuitive,Male,55 - 64,No,White,4 year degree,Married,Employed full time,"More than $150,000",Right,60048,99411574,6,2,30924,84281,19425
R_6DPLsI1EJmmiCLn,4/18/19 9:13,4/18/19 9:20,362,4/18/19 9:20,50.60830688,2.991394043,2,0-6-20635-16127-10081-R,Yes,Yes,Yes,Moderately satisfied,Very intuitive,Male,18 - 24,No,White,2 year degree,Never married,Student,"$10,000 - $19,999",Right,na,49598879,0,6,20635,16127,10081
R_2CEp0l1NoJj4ufg,4/18/19 9:26,4/18/19 9:35,531,4/18/19 9:35,12.98330688,77.58331299,2,0-5-15181-13888-5522-R,Yes,Yes,Yes,Moderately satisfied,Moderately intuitive,Male,25 - 34,Yes,Asian,4 year degree,Married,Employed full time,"Less than $10,000",Right,na,42862467,0,5,15181,13888,5522
R_w1aDmHY9Wq6eiTn,4/18/19 10:09,4/18/19 10:17,472,4/18/19 10:17,50.08369446,8.643997192,2,0-5-17677-12527-7838-L,Yes,Yes,Yes,Slightly dissatisfied,Not intuitive at all,Female,25 - 34,Yes,White,4 year degree,Never married,Employed full time,"$40,000 - $49,999",Right,na,60156624,0,5,17677,12527,7838
R_wKS76VbUSl6WStj,4/18/19 10:28,4/18/19 10:34,394,4/18/19 10:34,38.98410034,-77.36720276,7,3-3-14580-6358-6146-L,Yes,Yes,Yes,Moderately satisfied,Very intuitive,Male,25 - 34,No,White,4 year degree,Married,Employed full time,"$100,000 - $149,999",Right,41094,5481245,3,3,14580,6358,6146
R_w0lE7tEEjjSnHzP,4/18/19 10:52,4/18/19 10:57,334,4/18/19 10:57,53.52200317,-113.4589996,2,4-1-8986-5826-6957-R,Yes,No,Yes,Moderately satisfied,Very intuitive,Male,25 - 34,No,White,Professional degree,Never married,Unemployed looking for work,"$20,000 - $29,999",Both,na,44283053,4,1,8986,5826,6957
R_cFPDGLguPnD1gfT,4/15/19 13:41,4/18/19 11:59,253062,4/18/19 11:59,13.08430481,80.28048706,19,2-5-26144-6969-7817-L,Yes,Yes,Yes,Moderately satisfied,Very intuitive,Female,25 - 34,Yes,Asian,4 year degree,Married,Employed full time,"$10,000 - $19,999",Right,na,93135918,2,5,26144,6969,7817
R_vCB8zlcQpKIDG2R,4/18/19 12:46,4/18/19 12:54,490,4/18/19 12:54,44.93690491,-91.39289856,2,0-6-40808-6407-1555613423261-R,Yes,Yes,Yes,Extremely satisfied,Moderately intuitive,Male,25 - 34,No,White,2 year degree,Never married,Unemployed not looking for work,"$10,000 - $19,999",Right,54701,39001866,0,6,40808,6407,1.55561E+12
R_Y5ggDcqyahW8B8t,4/18/19 13:27,4/18/19 13:34,405,4/18/19 13:34,18.53320313,73.8625946,7,2-6-7545-5387-4258-R,Yes,Yes,No,Slightly satisfied,Moderately intuitive,Male,35 - 44,No,Asian,4 year degree,Married,Employed full time,"$60,000 - $69,999",Right,na,57451123,2,6,7545,5387,4258
R_24725KZiSi86JDG,4/18/19 13:34,4/18/19 13:40,347,4/18/19 13:40,34.16259766,-119.1972961,2,5-0-11337-30349-13544-L,Yes,Yes,Yes,Moderately satisfied,Moderately intuitive,Female,35 - 44,Yes,White,2 year degree,Never married,Employed full time,"$70,000 - $79,999",Left,93004,15642032,5,0,11337,30349,13544
R_2qlnMsaVJKbatUp,4/18/19 13:48,4/18/19 13:52,232,4/18/19 13:52,40.58850098,-75.46420288,2,4-1-6668-12060-4390-L,Yes,Yes,Yes,Slightly satisfied,Moderately intuitive,Female,18 - 24,No,White,2 year degree,Never married,Employed part time,"$100,000 - $149,999",Right,18103,68533450,4,1,6668,12060,4390
R_3LkmdnP4mQCNvl2,4/18/19 14:12,4/18/19 14:18,366,4/18/19 14:18,47.39830017,0.703704834,2,6-2-26229-14732-7468-L,Yes,Yes,No,Extremely satisfied,Very intuitive,Female,25 - 34,No,White,4 year degree,Never married,Student,"$10,000 - $19,999",Left,na,60058744,6,2,26229,14732,7468
R_31vd9cU4n8JHWOf,4/18/19 14:42,4/18/19 14:49,413,4/18/19 14:49,50.07609558,14.44790649,2,5-3-9871-111357-33093-L,Yes,Yes,Yes,Extremely satisfied,Moderately intuitive,Male,55 - 64,No,White,Some college,Married,Employed full time,"$40,000 - $49,999",Right,na,90881583,5,3,9871,111357,33093
R_RlRmgrGg3CY9LG1,4/18/19 14:46,4/18/19 14:56,603,4/18/19 14:56,48.46020508,35.0328064,2,1-6-11833-6416-6880-R,No,Yes,Yes,Slightly satisfied,Moderately intuitive,Female,35 - 44,No,White,Professional degree,Never married,Employed part time,"Less than $10,000",Right,na,73672597,1,6,11833,6416,6880
R_3fBnR1ctxm1RrVS,4/18/19 15:22,4/18/19 15:27,316,4/18/19 15:27,45.80819702,9.083206177,2,7-1-11011-8592-19877-R,Yes,Yes,Yes,Extremely satisfied,Moderately intuitive,Female,25 - 34,No,White,4 year degree,Never married,Unemployed looking for work,"$40,000 - $49,999",Right,na,99560569,7,1,11011,8592,19877
R_UMVCuLc3JlBXGBH,4/18/19 15:36,4/18/19 15:40,216,4/18/19 15:43,52.5,-2.083297729,2,0-5-4289-4597-4323-R,No,Yes,No,Moderately satisfied,Extremely intuitive,Female,18 - 24,No,Black or African American,4 year degree,Never married,Student,"$30,000 - $39,999",Right,na,86021413,0,5,4289,4597,4323
R_2Yui1Jyp8klXJRE,4/18/19 18:32,4/18/19 18:37,299,4/18/19 18:37,47.14430237,-122.2545013,2,3-5-16075-13133-1555634083789-R,Yes,Yes,Yes,Moderately satisfied,Moderately intuitive,Female,25 - 34,No,White,Professional degree,Married,Employed full time,"More than $150,000",Right,98390,70469861,3,5,16075,13133,1.55563E+12
R_3Rea2ew08om65OS,4/18/19 18:47,4/18/19 18:56,552,4/18/19 18:56,31.53500366,-97.18990326,2,10-5-6671-18173-9086-L,Yes,Yes,Yes,Moderately satisfied,Moderately intuitive,Female,25 - 34,Yes,White,4 year degree,Married,Employed full time,"$50,000 - $59,999",Left,76706,55243770,10,5,6671,18173,9086
R_b6Zx61wgCDmiUgN,4/18/19 19:07,4/18/19 19:15,469,4/18/19 19:15,42.88639832,-78.87809753,2,0-5-8465-10016-11623-L,Yes,Yes,Yes,Extremely satisfied,Very intuitive,Male,45 - 54,No,White,4 year degree,Married,Employed full time,"$40,000 - $49,999",Right,6820,54008168,0,5,8465,10016,11623
R_1eLEEO5mQtqX9j2,4/18/19 20:50,4/18/19 21:05,872,4/18/19 21:05,53.46980286,-2.229507446,7,1-6-1555642661947-18601-25240-R,Yes,Yes,Yes,Moderately satisfied,Moderately intuitive,Male,35 - 44,No,Black or African American,Professional degree,Never married,Employed full time,"$10,000 - $19,999",Right,na,59928900,1,6,1.55564E+12,18601,25240
R_1DBhxoVO6XZqsed,4/18/19 21:41,4/18/19 21:49,498,4/18/19 21:49,33.97070313,-84.3246994,2,0-5-121318-22667-14245-R,Yes,Yes,Yes,Slightly satisfied,Moderately intuitive,Male,25 - 34,No,Asian,4 year degree,Married,Employed full time,"$70,000 - $79,999",Right,30338,20820739,0,5,121318,22667,14245
R_3LgKeqGIuIDJZxw,4/19/19 2:22,4/19/19 2:29,443,4/19/19 2:29,13.08430481,80.28048706,2,0-5-143809-107377-1555662396934-L,Yes,Yes,Yes,Extremely satisfied,Extremely intuitive,Male,25 - 34,No,Asian,4 year degree,Married,Employed full time,"$10,000 - $19,999",Right,na,54451278,0,5,143809,107377,1.55566E+12
R_2VgnWR74a4H0XDk,4/19/19 5:02,4/19/19 5:16,846,4/19/19 5:17,23.03579712,72.61940002,2,14-5-97222-8276-11102-L,No,No,No,Moderately satisfied,Very intuitive,Male,25 - 34,No,American Indian or Alaska Native,4 year degree,Never married,Unemployed looking for work,"Less than $10,000",Right,na,87736437,14,5,97222,8276,11102
R_11hJwooFv9Fo3TL,4/19/19 8:02,4/19/19 8:05,220,4/19/19 8:06,41.39460754,-74.3302002,7,4-1-12954-11819-8881-R,Yes,Yes,Yes,Slightly dissatisfied,Not intuitive at all,Male,25 - 34,No,White,4 year degree,Never married,Employed full time,"$60,000 - $69,999",Right,10928,9254256,4,1,12954,11819,8881
R_1Hq9scQWbkm4a8U,4/19/19 13:21,4/19/19 13:25,201,4/19/19 13:25,13.08430481,80.28048706,19,0-5-4441-4160-3329-R,Yes,Yes,No,Extremely satisfied,Extremely intuitive,Female,25 - 34,No,Asian,4 year degree,Never married,Employed full time,"$70,000 - $79,999",Right,na,9165130,0,5,4441,4160,3329
R_1FyQCNXiEngLCfU,4/19/19 14:14,4/19/19 14:18,219,4/19/19 14:18,13.08430481,80.28048706,19,0-5-3545-3161-3145-R,Yes,Yes,No,Extremely satisfied,Very intuitive,Male,25 - 34,No,Asian,4 year degree,Never married,Employed full time,"$90,000 - $99,999",Right,na,19811362,0,5,3545,3161,3145
R_10ZB0fZUq09W7jj,4/19/19 14:52,4/19/19 14:56,260,4/19/19 14:56,45.56530762,-122.6447983,2,0-5-6693-6196-4858-L,Yes,Yes,Yes,Moderately satisfied,Moderately intuitive,Male,35 - 44,No,White,Professional degree,Married,Employed full time,"$80,000 - $89,999",Right,97203,51473611,0,5,6693,6196,4858
R_2CQIdRExY0z9qrz,4/19/19 14:44,4/19/19 15:01,1037,4/19/19 15:01,9.981903076,76.28448486,19,0-6-3267-4538-3785-R,Yes,Yes,No,Moderately satisfied,Extremely intuitive,Female,25 - 34,No,Asian,4 year degree,Never married,Employed full time,"$80,000 - $89,999",Right,na,41468099,0,6,3267,4538,3785
R_3HhHb8iPI84NAjj,4/16/19 8:43,4/20/19 9:28,348249,4/20/19 9:28,10.99099731,76.96670532,2,0-5-9377-8209-5865-L,Yes,Yes,Yes,Extremely satisfied,Very intuitive,Male,25 - 34,No,Asian,2 year degree,Married,Employed full time,"$20,000 - $29,999",Right,na,5069438,0,5,9377,8209,5865