OBJECTID,ID,SYSTEM,SYSTEM_URL,SYS_AGENCY,NTDID,RTE_NAME,RTE_URL,RTE_ID,MODE,UA,UACODE,STATUS,SOURCE,SOURCEDATE,RTE_ID_SYS,Shape__Length
1,5027001,Metro Transit,http://www.metrotransit.org/,METRO TRANSIT,5027,Northstar-Big Lk-Elk Rv-Anoka-Coon Rp-Mpls,http://www.metrotransit.org/route/888,888-78,CR,"MINNEAPOLIS-ST. PAUL, MN-WI",16,OPEN,ftp://gisftp.metc.state.mn.us/,2015-11-26T00:00:00.000Z,888-78 - Metro Transit,0.689335142995548
2,5027002,Metro Transit,http://www.metrotransit.org/,METRO TRANSIT,5027,METRO Blue Line,http://www.metrotransit.org/route/901,901-78,LR,"MINNEAPOLIS-ST. PAUL, MN-WI",16,OPEN,ftp://gisftp.metc.state.mn.us/,2015-11-26T00:00:00.000Z,901-78 - Metro Transit,0.205410968162937
3,5027003,Metro Transit,http://www.metrotransit.org/,METRO TRANSIT,5027,METRO Green Line,http://www.metrotransit.org/route/902,902-78,LR,"MINNEAPOLIS-ST. PAUL, MN-WI",16,OPEN,ftp://gisftp.metc.state.mn.us/,2015-11-26T00:00:00.000Z,902-78 - Metro Transit,0.212266702315687
4,9154001,LACMTA,https://www.metro.net/,LOS ANGELES COUNTY METROPOLITAN TRANSPORTATION AUTHORITY DBA: METRO,9154,Metro Blue Line  (801),http://www.metro.net/around/rail/blue-line/,801,LR,"LOS ANGELES-LONG BEACH-ANAHEIM, CA",2,OPEN,http://developer.metro.net/introduction/gtfs-data/,2015-11-16T00:00:00.000Z,801 - LACMTA,0.322966145472922
5,9154002,LACMTA,https://www.metro.net/,LOS ANGELES COUNTY METROPOLITAN TRANSPORTATION AUTHORITY DBA: METRO,9154,Metro Red Line  (802),http://www.metro.net/around/rail/red-line/,802,HR,"LOS ANGELES-LONG BEACH-ANAHEIM, CA",2,OPEN,http://developer.metro.net/introduction/gtfs-data/,2015-11-16T00:00:00.000Z,802 - LACMTA,0.23542588704276
6,9154003,LACMTA,https://www.metro.net/,LOS ANGELES COUNTY METROPOLITAN TRANSPORTATION AUTHORITY DBA: METRO,9154,Metro Green Line  (803),http://www.metro.net/around/rail/green-line/,803,LR,"LOS ANGELES-LONG BEACH-ANAHEIM, CA",2,OPEN,http://developer.metro.net/introduction/gtfs-data/,2015-11-16T00:00:00.000Z,803 - LACMTA,0.331749966527923
7,9154004,LACMTA,https://www.metro.net/,LOS ANGELES COUNTY METROPOLITAN TRANSPORTATION AUTHORITY DBA: METRO,9154,Metro Gold Line  (804),http://www.metro.net/around/rail/gold-line/,804,LR,"LOS ANGELES-LONG BEACH-ANAHEIM, CA",2,OPEN,https://gitlab.com/LACMTA/gtfs_rail,2016-06-04T00:00:00.000Z,804 - LACMTA,0.51399468119712
8,9154005,LACMTA,https://www.metro.net/,LOS ANGELES COUNTY METROPOLITAN TRANSPORTATION AUTHORITY DBA: METRO,9154,Metro Purple Line  (805),http://www.metro.net/around/rail/purple-line/,805,HR,"LOS ANGELES-LONG BEACH-ANAHEIM, CA",2,OPEN,http://developer.metro.net/introduction/gtfs-data/,2015-11-16T00:00:00.000Z,805 - LACMTA,0.08522805607099
9,9154006,LACMTA,https://www.metro.net/,LOS ANGELES COUNTY METROPOLITAN TRANSPORTATION AUTHORITY DBA: METRO,9154,Metro Expo Line  (806),http://www.metro.net/around/rail/expo-line/,806,LR,"LOS ANGELES-LONG BEACH-ANAHEIM, CA",2,OPEN,https://gitlab.com/LACMTA/gtfs_rail,2016-06-04T00:00:00.000Z,806 - LACMTA,0.257153591788526
10,4022001,MARTA,http://www.itsmarta.com/,METROPOLITAN ATLANTA RAPID TRANSIT AUTHORITY,4022,GOLD-Northeast Doraville Line,http://itsmarta.com/Gold-Line.aspx,8746,HR,"ATLANTA, GA",9,OPEN,http://www.itsmarta.com/developers/data-sources/general-transit-feed-specification-gtfs.aspx,2015-11-09T00:00:00.000Z,8746 - MARTA,0.34455496971622
11,4022002,MARTA,http://www.itsmarta.com/,METROPOLITAN ATLANTA RAPID TRANSIT AUTHORITY,4022,RED-North South North Springs Line,http://itsmarta.com/Red-Line.aspx,8747,HR,"ATLANTA, GA",9,OPEN,http://www.itsmarta.com/developers/data-sources/general-transit-feed-specification-gtfs.aspx,2015-11-09T00:00:00.000Z,8747 - MARTA,0.365672464417147
12,4022003,MARTA,http://www.itsmarta.com/,METROPOLITAN ATLANTA RAPID TRANSIT AUTHORITY,4022,GREEN-Proctor Creek Line,http://itsmarta.com/Green-Line.aspx,8748,HR,"ATLANTA, GA",9,OPEN,http://www.itsmarta.com/developers/data-sources/general-transit-feed-specification-gtfs.aspx,2015-11-09T00:00:00.000Z,8748 - MARTA,0.103912811437745
13,4022004,MARTA,http://www.itsmarta.com/,METROPOLITAN ATLANTA RAPID TRANSIT AUTHORITY,4022,BLUE-East/West Line,http://itsmarta.com/Blue-Line.aspx,8766,HR,"ATLANTA, GA",9,OPEN,http://www.itsmarta.com/developers/data-sources/general-transit-feed-specification-gtfs.aspx,2015-11-09T00:00:00.000Z,8766 - MARTA,0.256229654949846
14,4232001,SunRail,http://sunrail.com/,CENTRAL FLORIDA COMMUTER RAIL,4232,SunRail,http://sunrail.com/schedules/,1,CR,"ORLANDO, FL",32,OPEN,http://corporate.sunrail.com/about-sunrail/gtfs-data-download/,2016-10-27T00:00:00.000Z,1 - SunRail,0.472053958509311
15,6056001,DART,http://www.dart.org/,DALLAS AREA RAPID TRANSIT,6056,DART LIGHT RAIL - BLUE LINE,http://www.dart.org/riding/dartrailblueline.asp,17294,LR,"DALLAS-FORT WORTH-ARLINGTON, TX",6,OPEN,http://www.dart.org/transitdata/,2015-11-04T00:00:00.000Z,17294 - DART,0.457805054558131
16,6056002,DART,http://www.dart.org/,DALLAS AREA RAPID TRANSIT,6056,DART LIGHT RAIL - GREEN LINE,http://www.dart.org/riding/dartrailgreenline.asp,17295,LR,"DALLAS-FORT WORTH-ARLINGTON, TX",6,OPEN,http://www.dart.org/transitdata/,2015-11-04T00:00:00.000Z,17295 - DART,0.442584371971339
17,6056003,DART,http://www.dart.org/,DALLAS AREA RAPID TRANSIT,6056,DART LIGHT RAIL - ORANGE LINE,http://www.dart.org/riding/dartrailorangeline.asp,17296,LR,"DALLAS-FORT WORTH-ARLINGTON, TX",6,OPEN,http://www.dart.org/transitdata/,2015-11-04T00:00:00.000Z,17296 - DART,0.629261107887003
18,6056004,DART,http://www.dart.org/,DALLAS AREA RAPID TRANSIT,6056,DART LIGHT RAIL - RED LINE,http://www.dart.org/riding/dartrailredline.asp,17297,LR,"DALLAS-FORT WORTH-ARLINGTON, TX",6,OPEN,http://www.dart.org/transitdata/,2015-11-04T00:00:00.000Z,17297 - DART,0.42502991448562
19,6056005,DART,http://www.dart.org/,DALLAS AREA RAPID TRANSIT,6056,DALLAS STREETCAR,http://www.dart.org/riding/dallasstreetcar.asp,17298,SR,"DALLAS-FORT WORTH-ARLINGTON, TX",6,OPEN,http://www.dart.org/transitdata/,2016-12-05T00:00:00.000Z,17298 - DART,0.035175622433102
20,6056006,DART,http://www.dart.org/,DALLAS AREA RAPID TRANSIT,6056,TRINITY RAILWAY,http://www.trinityrailwayexpress.org/eastboundweekday.html,17299,CR,"DALLAS-FORT WORTH-ARLINGTON, TX",6,OPEN,http://www.dart.org/transitdata/,2015-11-04T00:00:00.000Z,17299 - DART,0.566349180486583
21,6056007,DART,http://mata.org/,DALLAS AREA RAPID TRANSIT,6056,MCKINNEY AVENUE TROLLEY,http://www.dart.org/riding/mline.asp,17864,SR,"DALLAS-FORT WORTH-ARLINGTON, TX",6,OPEN,http://www.dart.org/transitdata/,2015-11-04T00:00:00.000Z,17864 - DART,0.05873909144493
22,2098001,PATH,http://www.panynj.gov/path/,PORT AUTHORITY TRANS-HUDSON CORPORATION,2098,Hoboken - 33rd Street,http://www.panynj.gov/path/pdf/path-map-schedule.pdf,859,HR,"NEW YORK-NEWARK, NY-NJ-CT",1,OPEN,http://data.trilliumtransit.com/gtfs/path-nj-us/,2015-06-18T00:00:00.000Z,859 - PATH,0.05223523287248
23,2098002,PATH,http://www.panynj.gov/path/,PORT AUTHORITY TRANS-HUDSON CORPORATION,2098,Hoboken - World Trade Center,http://www.panynj.gov/path/pdf/path-map-schedule.pdf,860,HR,"NEW YORK-NEWARK, NY-NJ-CT",1,OPEN,http://data.trilliumtransit.com/gtfs/path-nj-us/,2015-06-18T00:00:00.000Z,860 - PATH,0.044910635510412
24,2098003,PATH,http://www.panynj.gov/path/,PORT AUTHORITY TRANS-HUDSON CORPORATION,2098,Journal Square - 33rd Street (via Hoboken),http://www.panynj.gov/path/pdf/path-map-schedule.pdf,1024,HR,"NEW YORK-NEWARK, NY-NJ-CT",1,OPEN,http://data.trilliumtransit.com/gtfs/path-nj-us/,2015-06-18T00:00:00.000Z,1024 - PATH,0.104113866204039
25,2098004,PATH,http://www.panynj.gov/path/,PORT AUTHORITY TRANS-HUDSON CORPORATION,2098,Journal Square - 33rd Street,http://www.panynj.gov/path/pdf/path-map-schedule.pdf,861,HR,"NEW YORK-NEWARK, NY-NJ-CT",1,OPEN,http://data.trilliumtransit.com/gtfs/path-nj-us/,2015-06-18T00:00:00.000Z,861 - PATH,0.100434766918402
26,2098005,PATH,http://www.panynj.gov/path/,PORT AUTHORITY TRANS-HUDSON CORPORATION,2098,Newark - World Trade Center,http://www.panynj.gov/path/pdf/path-map-schedule.pdf,862,HR,"NEW YORK-NEWARK, NY-NJ-CT",1,OPEN,http://data.trilliumtransit.com/gtfs/path-nj-us/,2015-06-18T00:00:00.000Z,862 - PATH,0.161285561484318
27,4159001,RTA,http://rtarelaxandride.com/,REGIONAL TRANSPORTATION AUTHORITY OF MIDDLE TENNESSEE,4159,Music City Star Commuter Rail,http://rtarelaxandride.com/Middle-TN-RTA-schedules.asp,90,CR,"NASHVILLE-DAVIDSON, TN",44,OPEN,http://www.nashvillemta.org/Nashville-MTA-Developer-Data-Request.asp,2015-09-28T00:00:00.000Z,90 - RTA,0.533773158366861
28,8006001,RTD,http://www.rtd-denver.com/,DENVER REGIONAL TRANSPORTATION DISTRICT,8006,30th & Downing Station to Littleton-Mineral Station,http://www.rtd-denver.com/Schedules.shtml#lightrail ,101D,LR,"DENVER-AURORA, CO",18,OPEN,http://www.rtd-denver.com/GoogleFeeder/,2017-02-21T00:00:00.000Z,101D - RTD,0.222147040273369
29,8006002,RTD,http://www.rtd-denver.com/,DENVER REGIONAL TRANSPORTATION DISTRICT,8006,18th & California Station to Florida Station,http://www.rtd-denver.com/Schedules.shtml#lightrail ,101H,LR,"DENVER-AURORA, CO",18,OPEN,http://www.rtd-denver.com/GoogleFeeder/,2017-02-21T00:00:00.000Z,101H - RTD,0.301002455076362
30,8006003,RTD,http://www.rtd-denver.com/,DENVER REGIONAL TRANSPORTATION DISTRICT,8006,18th & California Station to Lincoln Station,http://www.rtd-denver.com/Schedules.shtml#lightrail ,101F,LR,"DENVER-AURORA, CO",18,OPEN,http://www.rtd-denver.com/GoogleFeeder/,2017-02-21T00:00:00.000Z,101F - RTD,0.276495963788255
31,8006004,RTD,http://www.rtd-denver.com/,DENVER REGIONAL TRANSPORTATION DISTRICT,8006,Union Station to Littleton-Mineral Station,http://www.rtd-denver.com/Schedules.shtml#lightrail ,101C,LR,"DENVER-AURORA, CO",18,OPEN,http://www.rtd-denver.com/GoogleFeeder/,2017-02-21T00:00:00.000Z,101C - RTD,0.196800681942279
32,8006005,RTD,http://www.rtd-denver.com/,DENVER REGIONAL TRANSPORTATION DISTRICT,8006,Union Station to Lincoln Station,http://www.rtd-denver.com/Schedules.shtml#lightrail ,101E,LR,"DENVER-AURORA, CO",18,OPEN,http://www.rtd-denver.com/GoogleFeeder/,2017-02-21T00:00:00.000Z,101E - RTD,0.2829825133755
33,8006006,RTD,http://www.rtd-denver.com/,DENVER REGIONAL TRANSPORTATION DISTRICT,8006,Union Station to Jefferson County Government Center-Golden Station,http://www.rtd-denver.com/Schedules.shtml#lightrail ,103W,LR,"DENVER-AURORA, CO",18,OPEN,http://www.rtd-denver.com/GoogleFeeder/,2017-02-21T00:00:00.000Z,103W - RTD,0.239501395204385
34,1001,King County Metro,http://metro.kingcounty.gov/,KING COUNTY DEPARTMENT OF TRANSPORTATION - METRO TRANSIT DIVISION,0001,South Lake Union Streetcar,http://www.seattlestreetcar.org/slu.htm,100340,SR,"SEATTLE, WA",14,OPEN,http://metro.kingcounty.gov/GTFS/,2015-11-19T00:00:00.000Z,100340 - King County Metro,0.026816806984959
35,1002,King County Metro,http://metro.kingcounty.gov/,KING COUNTY DEPARTMENT OF TRANSPORTATION - METRO TRANSIT DIVISION,0001,LINK to Sea-Tac,https://www.soundtransit.org/Rider-Guide/link-light-rail,100479,LR,"SEATTLE, WA",14,OPEN,http://metro.kingcounty.gov/GTFS/,2015-11-19T00:00:00.000Z,100479 - King County Metro,0.331317758994393
36,8001001,UTA,http://www.rideuta.com/,UTAH TRANSIT AUTHORITY,8001,BLUE LINE,http://www.rideuta.com/Rider-Tools/Schedules-and-Maps/701-Blue-Line,59307,LR,"SALT LAKE CITY-WEST VALLEY CITY, UT",42,OPEN,http://developer.rideuta.com/DeveloperResources/developer.aspx,2015-08-12T00:00:00.000Z,59307 - UTA,0.288954061196775
37,8001002,UTA,http://www.rideuta.com/,UTAH TRANSIT AUTHORITY,8001,RED LINE,http://www.rideuta.com/Rider-Tools/Schedules-and-Maps/703-Red-Line,59308,LR,"SALT LAKE CITY-WEST VALLEY CITY, UT",42,OPEN,http://developer.rideuta.com/DeveloperResources/developer.aspx,2015-08-12T00:00:00.000Z,59308 - UTA,0.383492629490788
38,8001003,UTA,http://www.rideuta.com/,UTAH TRANSIT AUTHORITY,8001,GREEN LINE,http://www.rideuta.com/Rider-Tools/Schedules-and-Maps/704-Green-Line,59309,LR,"SALT LAKE CITY-WEST VALLEY CITY, UT",42,OPEN,http://developer.rideuta.com/DeveloperResources/developer.aspx,2015-08-12T00:00:00.000Z,59309 - UTA,0.253348771963138
39,8001004,UTA,http://www.rideuta.com/,UTAH TRANSIT AUTHORITY,8001,S-LINE,http://www.rideuta.com/Rider-Tools/Schedules-and-Maps/720-S-Line,59312,SR,"SALT LAKE CITY-WEST VALLEY CITY, UT",42,OPEN,http://developer.rideuta.com/DeveloperResources/developer.aspx,2015-08-12T00:00:00.000Z,59312 - UTA,0.036240209194542
40,8001005,UTA,http://www.rideuta.com/,UTAH TRANSIT AUTHORITY,8001,FRONTRUNNER,http://www.rideuta.com/Rider-Tools/Schedules-and-Maps/750-FrontRunner,59313,CR,"SALT LAKE CITY-WEST VALLEY CITY, UT",42,OPEN,http://developer.rideuta.com/DeveloperResources/developer.aspx,2015-08-12T00:00:00.000Z,59313 - UTA,1.36576918166406
41,9003001,BART,http://www.bart.gov/,SAN FRANCISCO BAY AREA RAPID TRANSIT DISTRICT,9003,Pittsburg/Bay Point - SFIA/Millbrae,http://www.bart.gov/schedules/bylineresults?route=1,01,HR,"SAN FRANCISCO-OAKLAND, CA",13,OPEN,http://www.bart.gov/schedules/developers/gtfs,2015-09-14T00:00:00.000Z,01 - BART,0.881285819164552
42,9003002,BART,http://www.bart.gov/,SAN FRANCISCO BAY AREA RAPID TRANSIT DISTRICT,9003,Warm Spings/South Fremont - Richmond,http://www.bart.gov/schedules/bylineresults?route=3,03,HR,"SAN FRANCISCO-OAKLAND, CA",13,OPEN,http://www.bart.gov/schedules/developers/gtfs,2017-03-25T00:00:00.000Z,03 - BART,0.655490798009831
43,9003003,BART,http://www.bart.gov/,SAN FRANCISCO BAY AREA RAPID TRANSIT DISTRICT,9003,Warm Spings/South Fremont - Daly City,http://www.bart.gov/schedules/bylineresults?route=5,05,HR,"SAN FRANCISCO-OAKLAND, CA",13,OPEN,http://www.bart.gov/schedules/developers/gtfs,2017-03-25T00:00:00.000Z,05 - BART,0.714916286574662
44,9003004,BART,http://www.bart.gov/,SAN FRANCISCO BAY AREA RAPID TRANSIT DISTRICT,9003,Richmond - Daly City/Millbrae,http://www.bart.gov/schedules/bylineresults?route=7,07,HR,"SAN FRANCISCO-OAKLAND, CA",13,OPEN,http://www.bart.gov/schedules/developers/gtfs,2015-09-14T00:00:00.000Z,07 - BART,0.592334391520849
45,9003005,BART,http://www.bart.gov/,SAN FRANCISCO BAY AREA RAPID TRANSIT DISTRICT,9003,Dublin/Pleasanton - Daly City,http://www.bart.gov/schedules/bylineresults?route=11,11,HR,"SAN FRANCISCO-OAKLAND, CA",13,OPEN,http://www.bart.gov/schedules/developers/gtfs,2015-09-14T00:00:00.000Z,11 - BART,0.670224464772706
46,9003006,BART,http://www.bart.gov/,SAN FRANCISCO BAY AREA RAPID TRANSIT DISTRICT,9003,Coliseum - Oakland Int'l Airport,http://www.bart.gov/schedules/bylineresults?route=19,19,HR,"SAN FRANCISCO-OAKLAND, CA",13,OPEN,http://www.bart.gov/schedules/developers/gtfs,2015-09-14T00:00:00.000Z,19 - BART,0.049757476673192
47,6008001,METRO,http://www.ridemetro.org/Pages/index.aspx,"METROPOLITAN TRANSIT AUTHORITY OF HARRIS COUNTY, TEXAS",6008,SUPERBOWL RED LINE,http://www.ridemetro.org/Pages/RedLine.aspx,31734,LR,"HOUSTON, TX",7,OPEN,http://www.ridemetro.org/Pages/NewsDownloads.aspx,2017-01-13T00:00:00.000Z,31734 - METRO,0.187206083272055
48,6008002,METRO,http://www.ridemetro.org/Pages/index.aspx,"METROPOLITAN TRANSIT AUTHORITY OF HARRIS COUNTY, TEXAS",6008,METRORAIL GREEN LINE,http://www.ridemetro.org/Pages/GreenLine.aspx,31727,LR,"HOUSTON, TX",7,OPEN,http://www.ridemetro.org/Pages/NewsDownloads.aspx,2017-01-13T00:00:00.000Z,31727 - METRO,0.084178272889137
49,6008003,METRO,http://www.ridemetro.org/Pages/index.aspx,"METROPOLITAN TRANSIT AUTHORITY OF HARRIS COUNTY, TEXAS",6008,METRORAIL PURPLE LINE,http://www.ridemetro.org/Pages/PurpleLine.aspx,31728,LR,"HOUSTON, TX",7,OPEN,http://www.ridemetro.org/Pages/NewsDownloads.aspx,2017-01-13T00:00:00.000Z,31728 - METRO,0.106864229541859
50,6032001,NORTA,http://www.norta.com/,NEW ORLEANS REGIONAL TRANSIT AUTHORITY,6032,Rampart-St. Claude Streetcar,http://www.norta.com/Maps-Schedules/Overview,9669,SR,"NEW ORLEANS, LA",49,OPEN,http://www.norta.com/Rider-Tools/ETA_and_Real-Time.aspx,2016-09-29T00:00:00.000Z,9669 - NORTA,0.03438165817424
51,6032002,NORTA,http://www.norta.com/,NEW ORLEANS REGIONAL TRANSIT AUTHORITY,6032,Riverfront Streetcar,http://www.norta.com/Maps-Schedules/Overview,9670,SR,"NEW ORLEANS, LA",49,OPEN,http://www.norta.com/Rider-Tools/ETA_and_Real-Time.aspx,2015-09-25T00:00:00.000Z,9670 - NORTA,0.02203654960331
52,6032003,NORTA,http://www.norta.com/,NEW ORLEANS REGIONAL TRANSIT AUTHORITY,6032,Canal Streetcar - Cemeteries,http://www.norta.com/getattachment/Getting-Around/Cemeteries-Transit-Center-Project/NORTA-DetourStreetcars-063017.pdf.aspx?lang=en-US,9671,SR,"NEW ORLEANS, LA",49,CLOSED,http://www.norta.com/Rider-Tools/ETA_and_Real-Time.aspx,2015-09-25T00:00:00.000Z,9671 - NORTA,0.056403192070205
53,6032004,NORTA,http://www.norta.com/,NEW ORLEANS REGIONAL TRANSIT AUTHORITY,6032,Canal Streetcar - City Park/Museum,http://www.norta.com/Maps-Schedules/Overview,9672,SR,"NEW ORLEANS, LA",49,OPEN,http://www.norta.com/Rider-Tools/ETA_and_Real-Time.aspx,2015-09-25T00:00:00.000Z,9672 - NORTA,0.057747196154888
54,6032005,NORTA,http://www.norta.com/,NEW ORLEANS REGIONAL TRANSIT AUTHORITY,6032,St. Charles Streetcar,http://www.norta.com/Maps-Schedules/Overview,9673,SR,"NEW ORLEANS, LA",49,OPEN,http://www.norta.com/Rider-Tools/ETA_and_Real-Time.aspx,2015-09-25T00:00:00.000Z,9673 - NORTA,0.114728366707649
55,4034001,MDT,http://www.miamidade.gov/transit/,MIAMI-DADE TRANSIT,4034,METROMOVER OMNI/BRICKELL OUTER LOOP,http://www.miamidade.gov/transit/metromover.asp,14456,MG,"MIAMI, FL",4,OPEN,http://www.miamidade.gov/transit/open-data-feeds.asp,2015-12-04T00:00:00.000Z,14456 - MDT,0.066264947061623
56,4034002,MDT,http://www.miamidade.gov/transit/,MIAMI-DADE TRANSIT,4034,METROMOVER INNER LOOP,http://www.miamidade.gov/transit/metromover.asp,14457,MG,"MIAMI, FL",4,OPEN,http://www.miamidade.gov/transit/open-data-feeds.asp,2015-12-04T00:00:00.000Z,14457 - MDT,0.030238588617788
57,4034003,MDT,http://www.miamidade.gov/transit/,MIAMI-DADE TRANSIT,4034,MIA_PEOPLE MOVER,http://www.miami-airport.com/public-transportation.asp,14458,MG,"MIAMI, FL",4,OPEN,http://www.miamidade.gov/transit/open-data-feeds.asp,2015-12-04T00:00:00.000Z,14458 - MDT,0.019870525851586
58,4034004,MDT,http://www.miamidade.gov/transit/,MIAMI-DADE TRANSIT,4034,REGULAR METRORAIL SCHEDULE ORANGE LINE,http://www.miamidade.gov/transit/miami-international-airport-station.asp#10,16910OL,HR,"MIAMI, FL",4,OPEN,http://www.miamidade.gov/transit/open-data-feeds.asp,2015-12-04T00:00:00.000Z,16910OL - MDT,0.263013849418199
59,4034005,MDT,http://www.miamidade.gov/transit/,MIAMI-DADE TRANSIT,4034,REGULAR METRORAIL SCHEDULE GREEN LINE,http://www.miamidade.gov/transit/miami-international-airport-station.asp#9,16910GL,HR,"MIAMI, FL",4,OPEN,http://www.miamidade.gov/transit/open-data-feeds.asp,2015-12-04T00:00:00.000Z,16910GL - MDT,0.348294703110445
60,3073001,VRE,http://vre.org/,VIRGINIA RAILWAY EXPRESS,3073,Fredericksburg Line,http://vre.org/service/schedule/#sched-fred-nb,2,CR,"WASHINGTON, DC-VA-MD",8,OPEN,http://www.vre.org/gtfs/google_transit.zip,2015-12-15T00:00:00.000Z,2 - VRE,0.949803102692094
61,3073002,VRE,http://vre.org/,VIRGINIA RAILWAY EXPRESS,3073,Manassas Line,http://vre.org/service/schedule/#sched-mana-nb,4,CR,"WASHINGTON, DC-VA-MD",8,OPEN,http://www.vre.org/gtfs/google_transit.zip,2015-12-15T00:00:00.000Z,4 - VRE,0.625091377995191
62,6033001,CATA,http://www.rrmetro.org/,CENTRAL ARKANSAS TRANSIT AUTHORITY,6033,Little Rock Loop,https://rrmetro.org/streetcar-schedules/green-line/,5100,SR,"LITTLE ROCK, AR",88,OPEN,http://metroplan.org,2014-12-09T00:00:00.000Z,5100 - CATA,0.035292629390357
63,6033002,CATA,http://www.rrmetro.org/,CENTRAL ARKANSAS TRANSIT AUTHORITY,6033,North Little Rock - Presidential Library,https://rrmetro.org/streetcar-schedules/blue-line/,5200,SR,"LITTLE ROCK, AR",88,OPEN,http://metroplan.org,2014-12-09T00:00:00.000Z,5200 - CATA,0.054244467611421
64,9019001,SRTD,http://www.sacrt.com/,SACRAMENTO REGIONAL TRANSIT DISTRICT,9019,13th - Richards/Township 9,http://www.sacrt.com/schedules/current/routes/R519.htm,519,LR,"SACRAMENTO, CA",28,OPEN,http://iportal.sacrt.com/GTFS/SRTD/,2015-12-09T00:00:00.000Z,519 - SRTD,0.045107322575732
65,9019002,SRTD,http://www.sacrt.com/,SACRAMENTO REGIONAL TRANSIT DISTRICT,9019,Downtown - Folsom,http://www.sacrt.com/schedules/current/routes/R507.htm,507,LR,"SACRAMENTO, CA",28,OPEN,http://iportal.sacrt.com/GTFS/SRTD/,2015-12-09T00:00:00.000Z,507 - SRTD,0.399612791963684
66,9019003,SRTD,http://www.sacrt.com/,SACRAMENTO REGIONAL TRANSIT DISTRICT,9019,Meadowview - Watt/I-80,http://www.sacrt.com/schedules/current/routes/R533.HTM,533,LR,"SACRAMENTO, CA",28,OPEN,http://iportal.sacrt.com/GTFS/SRTD/,2015-12-09T00:00:00.000Z,533 - SRTD,0.331690304508332
67,9134001,PCJPB,http://www.caltrain.com/main.html,PENINSULA CORRIDOR JOINT POWERS BOARD DBA: CALTRAIN,9134,Limited,http://www.caltrain.com/schedules.html,Li-121,CR,"SAN FRANCISCO-OAKLAND, CA",13,OPEN,http://www.caltrain.com/developer.html,2015-05-13T00:00:00.000Z,Li-121 - PCJPB,1.25266381207461
68,9134002,PCJPB,http://www.caltrain.com/main.html,PENINSULA CORRIDOR JOINT POWERS BOARD DBA: CALTRAIN,9134,Local,http://www.caltrain.com/schedules.html,Lo-121,CR,"SAN FRANCISCO-OAKLAND, CA",13,OPEN,http://www.caltrain.com/developer.html,2015-05-13T00:00:00.000Z,Lo-121 - PCJPB,1.25266388835788
69,9134003,PCJPB,http://www.caltrain.com/main.html,PENINSULA CORRIDOR JOINT POWERS BOARD DBA: CALTRAIN,9134,Bullet,http://www.caltrain.com/schedules.html,Bu-121,CR,"SAN FRANCISCO-OAKLAND, CA",13,OPEN,http://www.caltrain.com/developer.html,2015-05-13T00:00:00.000Z,Bu-121 - PCJPB,0.799741575592113
70,6048001,CMTA,http://www.capmetro.org/,CAPITAL METROPOLITAN TRANSPORTATION AUTHORITY,6048,Metro Rail Red Line,https://www.capmetro.org/schedmap/?svc=2&f1=550&s=0&d=N,550,CR,"AUSTIN, TX",37,OPEN,http://www.capmetro.org/metrolabs/?terms=gtfs,2015-12-29T00:00:00.000Z,550 - CMTA,0.485077076895211
71,9026001,MTS,http://www.sdmts.com/,SAN DIEGO METROPOLITAN TRANSIT SYSTEM,9026,San Ysidro - America Plaza,http://www.sdmts.com/schedules-real-time?fragment=blue_line,510,LR,"SAN DIEGO, CA",15,OPEN,http://www.sdmts.com/business-center/developers,2015-11-12T00:00:00.000Z,510 - MTS,0.244436310593966
72,9026002,MTS,http://www.sdmts.com/,SAN DIEGO METROPOLITAN TRANSIT SYSTEM,9026,El Cajon - Santa Fe Depot,http://www.sdmts.com/schedules-real-time?fragment=orange_line,520,LR,"SAN DIEGO, CA",15,OPEN,http://www.sdmts.com/business-center/developers,2015-11-12T00:00:00.000Z,520 - MTS,0.276501715146704
73,9026003,MTS,http://www.sdmts.com/,SAN DIEGO METROPOLITAN TRANSIT SYSTEM,9026,Santee - 12th & Imperial,http://www.sdmts.com/schedules-real-time?fragment=green_line,530,LR,"SAN DIEGO, CA",15,OPEN,http://www.sdmts.com/business-center/developers,2015-11-12T00:00:00.000Z,530 - MTS,0.388950058592316
74,9030001,NCTD,http://www.gonctd.com/,NORTH COUNTY TRANSIT DISTRICT,9030,COASTER,http://www.gonctd.com/coaster,398,CR,"SAN DIEGO, CA",15,OPEN,http://www.gonctd.com/google_transit.zip,2015-10-04T00:00:00.000Z,398 - NCTD,0.628532106888499
75,9030002,NCTD,http://www.gonctd.com/,NORTH COUNTY TRANSIT DISTRICT,9030,SPRINTER,http://www.gonctd.com/sprinter,399,LR,"SAN DIEGO, CA",15,OPEN,http://www.gonctd.com/google_transit.zip,2015-10-04T00:00:00.000Z,399 - NCTD,0.360178354826122
76,9033001,SunTran,http://sunlinkstreetcar.com/index.php,CITY OF TUCSON,9033,Sun Link,http://www.suntran.com/PDF/routes/SunLinkFeb15.pdf,12842,SR,"TUCSON, AZ",52,OPEN,http://www.suntran.com/developers_feed.php,2015-12-15T00:00:00.000Z,12842 - SunTran,0.074080326778549
77,4041001,HART,http://www.gohart.org/,HILLSBOROUGH AREA REGIONAL TRANSIT AUTHORITY,4041,Tampa Historic Street Car,http://www.tecolinestreetcar.org,800,SR,"TAMPA-ST. PETERSBURG, FL",17,OPEN,http://www.gohart.org/google/google_transit.zip,2015-06-15T00:00:00.000Z,800 - HART,0.039757267681352
78,2004001,NFTA Metro,http://www.nfta.com/,NIAGARA FRONTIER TRANSPORTATION AUTHORITY,2004,METRO RAIL,http://metro.nfta.com/Routes/Route.aspx?rt=145,45,LR,"BUFFALO, NY",46,OPEN,http://metro.nfta.com/Contact/Developers.aspx,2015-12-17T00:00:00.000Z,45 - NFTA Metro,0.100561301029744
79,5104001,NICTD,http://www.nictd.com/,NORTHERN INDIANA COMMUTER TRANSPORTATION DISTRICT,5104,South Shore Line,http://www.mysouthshoreline.com/tickets/maps-stations/,so_shore,CR,"CHICAGO, IL-IN",3,OPEN,http://www.nictd.com/google/google_transit.zip,2016-01-05T00:00:00.000Z,so_shore - NICTD,1.6257492238499
80,6111001,RMRTD,http://riometro.org/,RIO METRO REGIONAL TRANSIT DISTRICT,6111,New Mexico Rail Runner (NMRX),http://riometro.org/rio-metro-schedules/train-schedule/train-weekday,rr,CR,"ALBUQUERQUE, NM",56,OPEN,http://riometro.org/component/content/article/16-ct-categories-en/ct-rider-tools-en/569-gtfs-data,2015-03-27T00:00:00.000Z,rr - RMRTD,1.5007776566449
81,9151001,Metrolink,http://www.metrolinktrains.com/,SOUTHERN CALIFORNIA REGIONAL RAIL AUTHORITY DBA: METROLINK,9151,Antelope Valley Line,http://www.metrolinktrains.com/schedules/line/name/Antelope%20Valley/service_id/1142.html,Antelope Valley Line,CR,"LOS ANGELES-LONG BEACH-ANAHEIM, CA",2,OPEN,http://www.metrolinktrains.com/help/page/title/developer_resources,2015-09-26T00:00:00.000Z,Antelope Valley Line - Metrolink,1.22352265150516
82,9151002,Metrolink,http://www.metrolinktrains.com/,SOUTHERN CALIFORNIA REGIONAL RAIL AUTHORITY DBA: METROLINK,9151,Inland Emp.-Orange Co. Line,http://www.metrolinktrains.com/schedules/line/name/Inland%20Empire%20-%20OC/service_id/1153.html,Inland Emp.-Orange Co. Line,CR,"LOS ANGELES-LONG BEACH-ANAHEIM, CA",2,OPEN,http://www.metrolinktrains.com/help/page/title/developer_resources,2015-09-26T00:00:00.000Z,Inland Emp.-Orange Co. Line - Metrolink,1.58659674190103
83,9151003,Metrolink,http://www.metrolinktrains.com/,SOUTHERN CALIFORNIA REGIONAL RAIL AUTHORITY DBA: METROLINK,9151,Orange County Line,http://www.metrolinktrains.com/schedules/line/name/Orange%20County/service_id/1152.html,Orange County Line,CR,"LOS ANGELES-LONG BEACH-ANAHEIM, CA",2,OPEN,http://www.metrolinktrains.com/help/page/title/developer_resources,2015-09-26T00:00:00.000Z,Orange County Line - Metrolink,1.37344582708314
84,9151004,Metrolink,http://www.metrolinktrains.com/,SOUTHERN CALIFORNIA REGIONAL RAIL AUTHORITY DBA: METROLINK,9151,Riverside Line,http://www.metrolinktrains.com/schedules/line/name/Riverside/service_id/1149.html,Riverside Line,CR,"LOS ANGELES-LONG BEACH-ANAHEIM, CA",2,OPEN,http://www.metrolinktrains.com/help/page/title/developer_resources,2015-09-26T00:00:00.000Z,Riverside Line - Metrolink,0.988656746486527
85,9151005,Metrolink,http://www.metrolinktrains.com/,SOUTHERN CALIFORNIA REGIONAL RAIL AUTHORITY DBA: METROLINK,9151,San Bernardino Line,http://www.metrolinktrains.com/schedules/line/name/San%20Bernardino/service_id/1146.html,San Bernardino Line,CR,"LOS ANGELES-LONG BEACH-ANAHEIM, CA",2,OPEN,http://www.metrolinktrains.com/help/page/title/developer_resources,2015-09-26T00:00:00.000Z,San Bernardino Line - Metrolink,0.965123393410495
86,9151006,Metrolink,http://www.metrolinktrains.com/,SOUTHERN CALIFORNIA REGIONAL RAIL AUTHORITY DBA: METROLINK,9151,Ventura County Line,http://www.metrolinktrains.com/schedules/line/name/Ventura%20County/service_id/1141.html,Ventura County Line,CR,"LOS ANGELES-LONG BEACH-ANAHEIM, CA",2,OPEN,http://www.metrolinktrains.com/help/page/title/developer_resources,2015-09-26T00:00:00.000Z,Ventura County Line - Metrolink,1.18261134702562
87,9013001,VTA,http://www.vta.org/index,SANTA CLARA VALLEY TRANSPORTATION AUTHORITY,9013,OHLONE/CHYNOWETH - ALMADEN,http://www.vta.org/routes/rt900,900,LR,"SAN JOSE, CA",29,OPEN,http://www.vta.org/getting-around/gtfs-info/data-file,2016-01-06T00:00:00.000Z,900 - VTA,0.018827245068452
88,9013002,VTA,http://www.vta.org/index,SANTA CLARA VALLEY TRANSPORTATION AUTHORITY,9013,ALUM ROCK-SANTA TERESA VIA BAYPOINT,http://www.vta.org/routes/rt901,901,LR,"SAN JOSE, CA",29,OPEN,http://www.vta.org/getting-around/gtfs-info/data-file,2016-01-06T00:00:00.000Z,901 - VTA,0.402008325532218
89,9013003,VTA,http://www.vta.org/index,SANTA CLARA VALLEY TRANSPORTATION AUTHORITY,9013,MOUNTAIN VIEW - WINCHESTER,http://www.vta.org/routes/rt902,902,LR,"SAN JOSE, CA",29,OPEN,http://www.vta.org/getting-around/gtfs-info/data-file,2016-01-06T00:00:00.000Z,902 - VTA,0.351653450110172
90,5015001,GCRTA,http://www.riderta.com/,THE GREATER CLEVELAND REGIONAL TRANSIT AUTHORITY,5015,Red Line,http://www.riderta.com/routes/redline,66-137,HR,"CLEVELAND, OH",25,OPEN,http://www.riderta.com/sites/default/files/gtfs/latest/google_transit.zip,2015-11-12T00:00:00.000Z,66-137 - GCRTA,0.326473757264002
91,5015002,GCRTA,http://www.riderta.com/,THE GREATER CLEVELAND REGIONAL TRANSIT AUTHORITY,5015,Blue Line,http://www.riderta.com/routes/blueline,67-137,LR,"CLEVELAND, OH",25,OPEN,http://www.riderta.com/sites/default/files/gtfs/latest/google_transit.zip,2015-11-12T00:00:00.000Z,67-137 - GCRTA,0.205902124241274
92,5015003,GCRTA,http://www.riderta.com/,THE GREATER CLEVELAND REGIONAL TRANSIT AUTHORITY,5015,Green Line,http://www.riderta.com/routes/greenline,67-138,LR,"CLEVELAND, OH",25,OPEN,http://www.riderta.com/sites/default/files/gtfs/latest/google_transit.zip,2015-11-12T00:00:00.000Z,67-138 - GCRTA,0.219696749462974
93,7006001,Metro,http://www.metrostlouis.org/,"BI-STATE DEVELOPMENT AGENCY OF THE MISSOURI-ILLINOIS METROPOLITAN DISTRICT, D.B.A.(ST. LOUIS) METRO",7006,MetroLink Blue Line,http://www.metrostlouis.org/metrolink-system-schedule/,12973B,LR,"ST. LOUIS, MO-IL",20,OPEN,http://www.metrostlouis.org/About/DeveloperResource.aspx,2015-11-26T00:00:00.000Z,12973B - Metro,0.391670980187521
94,7006002,Metro,http://www.metrostlouis.org/,"BI-STATE DEVELOPMENT AGENCY OF THE MISSOURI-ILLINOIS METROPOLITAN DISTRICT, D.B.A.(ST. LOUIS) METRO",7006,MetroLink Red Line,http://www.metrostlouis.org/metrolink-system-schedule/,12973R,LR,"ST. LOUIS, MO-IL",20,OPEN,http://www.metrostlouis.org/About/DeveloperResource.aspx,2015-11-26T00:00:00.000Z,12973R - Metro,0.638524818095232
95,3083001,HRT,http://gohrt.com/,"TRANSPORTATION DISTRICT COMMISSION OF HAMPTON ROADS, DBA: HAMPTON ROADS TRANSIT",3083,LRT TIDE MAIN LINE,http://gohrt.com/services/the-tide/,800,LR,"VIRGINIA BEACH, VA",34,OPEN,http://googletf.gohrt.com/google_transit.zip,2016-01-07T00:00:00.000Z,800 - HRT,0.127059753053904
96,2099001,MTA SIR,http://www.mta.info/sir,"STATEN ISLAND RAPID TRANSIT OPERATING AUTHORITY, DBA: MTA STATEN ISLAND RAILWAY",2099,Staten Island Railway,http://web.mta.info/nyct/service/pdf/sircur.pdf,SI,HR,"NEW YORK-NEWARK, NY-NJ-CT",1,OPEN,http://web.mta.info/developers/developer-data-terms.html,2015-12-07T00:00:00.000Z,SI - MTA SIR,0.244023813030552
97,2008001,MTA NYCT,http://www.mta.info/nyct,MTA NEW YORK CITY TRANSIT,2008,2 - 7 Avenue Express,http://web.mta.info/nyct/service/pdf/t2cur.pdf,2,HR,"NEW YORK-NEWARK, NY-NJ-CT",1,OPEN,http://web.mta.info/developers/developer-data-terms.html,2015-12-07T00:00:00.000Z,2 - MTA NYCT,0.407548161832623
98,2008002,MTA NYCT,http://www.mta.info/nyct,MTA NEW YORK CITY TRANSIT,2008,3 - 7 Avenue Express,http://web.mta.info/nyct/service/pdf/t3cur.pdf,3,HR,"NEW YORK-NEWARK, NY-NJ-CT",1,OPEN,http://web.mta.info/developers/developer-data-terms.html,2015-12-07T00:00:00.000Z,3 - MTA NYCT,0.303011434802337
99,2008003,MTA NYCT,http://www.mta.info/nyct,MTA NEW YORK CITY TRANSIT,2008,4 - Lexington Avenue Express,http://web.mta.info/nyct/service/pdf/t4cur.pdf,4,HR,"NEW YORK-NEWARK, NY-NJ-CT",1,OPEN,http://web.mta.info/developers/developer-data-terms.html,2015-12-07T00:00:00.000Z,4 - MTA NYCT,0.379165815125477
100,2008004,MTA NYCT,http://www.mta.info/nyct,MTA NEW YORK CITY TRANSIT,2008,6 - Lexington Avenue Local,http://web.mta.info/nyct/service/pdf/t6cur.pdf,6,HR,"NEW YORK-NEWARK, NY-NJ-CT",1,OPEN,http://web.mta.info/developers/developer-data-terms.html,2015-12-07T00:00:00.000Z,6 - MTA NYCT,0.248090355807446
101,2008005,MTA NYCT,http://www.mta.info/nyct,MTA NEW YORK CITY TRANSIT,2008,6X - Lexington Avenue Express,http://web.mta.info/nyct/service/pdf/t6cur.pdf,6X,HR,"NEW YORK-NEWARK, NY-NJ-CT",1,OPEN,http://web.mta.info/developers/developer-data-terms.html,2015-12-07T00:00:00.000Z,6X - MTA NYCT,0.248082785130345
102,2008006,MTA NYCT,http://www.mta.info/nyct,MTA NEW YORK CITY TRANSIT,2008,7X - Flushing Express,http://web.mta.info/nyct/service/pdf/t7cur.pdf,7X,HR,"NEW YORK-NEWARK, NY-NJ-CT",1,OPEN,http://web.mta.info/developers/developer-data-terms.html,2015-12-07T00:00:00.000Z,7X - MTA NYCT,0.187843670009392
103,2008007,MTA NYCT,http://www.mta.info/nyct,MTA NEW YORK CITY TRANSIT,2008,7 - Flushing Local,http://web.mta.info/nyct/service/pdf/t7cur.pdf,7,HR,"NEW YORK-NEWARK, NY-NJ-CT",1,OPEN,http://web.mta.info/developers/developer-data-terms.html,2015-12-07T00:00:00.000Z,7 - MTA NYCT,0.187844044116778
104,2008008,MTA NYCT,http://www.mta.info/nyct,MTA NEW YORK CITY TRANSIT,2008,A - 8 Avenue Express,http://web.mta.info/nyct/service/pdf/tacur.pdf,A,HR,"NEW YORK-NEWARK, NY-NJ-CT",1,OPEN,http://web.mta.info/developers/developer-data-terms.html,2015-12-07T00:00:00.000Z,A - MTA NYCT,0.579574020924193
105,2008009,MTA NYCT,http://www.mta.info/nyct,MTA NEW YORK CITY TRANSIT,2008,B - 6 Avenue Express,http://web.mta.info/nyct/service/pdf/tbcur.pdf,B,HR,"NEW YORK-NEWARK, NY-NJ-CT",1,OPEN,http://web.mta.info/developers/developer-data-terms.html,2015-12-07T00:00:00.000Z,B - MTA NYCT,0.374805947164282
106,2008010,MTA NYCT,http://www.mta.info/nyct,MTA NEW YORK CITY TRANSIT,2008,C - 8 Avenue Local,http://web.mta.info/nyct/service/pdf/tccur.pdf,C,HR,"NEW YORK-NEWARK, NY-NJ-CT",1,OPEN,http://web.mta.info/developers/developer-data-terms.html,2015-12-07T00:00:00.000Z,C - MTA NYCT,0.31000524560537
107,2008011,MTA NYCT,http://www.mta.info/nyct,MTA NEW YORK CITY TRANSIT,2008,D - 6 Avenue Express,http://web.mta.info/nyct/service/pdf/tdcur.pdf,D,HR,"NEW YORK-NEWARK, NY-NJ-CT",1,OPEN,http://web.mta.info/developers/developer-data-terms.html,2015-12-07T00:00:00.000Z,D - MTA NYCT,0.405906266664216
108,2008012,MTA NYCT,http://www.mta.info/nyct,MTA NEW YORK CITY TRANSIT,2008,E - 8 Avenue Local,http://web.mta.info/nyct/service/pdf/tecur.pdf,E,HR,"NEW YORK-NEWARK, NY-NJ-CT",1,OPEN,http://web.mta.info/developers/developer-data-terms.html,2015-12-07T00:00:00.000Z,E - MTA NYCT,0.267298603047151
109,2008013,MTA NYCT,http://www.mta.info/nyct,MTA NEW YORK CITY TRANSIT,2008,F - Queens Blvd Express/ 6 Av Local,http://web.mta.info/nyct/service/pdf/tfcur.pdf,F,HR,"NEW YORK-NEWARK, NY-NJ-CT",1,OPEN,http://web.mta.info/developers/developer-data-terms.html,2015-12-07T00:00:00.000Z,F - MTA NYCT,0.452222999795315
110,2008014,MTA NYCT,http://www.mta.info/nyct,MTA NEW YORK CITY TRANSIT,2008,S - Franklin Avenue Shuttle,http://web.mta.info/nyct/service/pdf/tscur.pdf,FS,HR,"NEW YORK-NEWARK, NY-NJ-CT",1,OPEN,http://web.mta.info/developers/developer-data-terms.html,2015-12-07T00:00:00.000Z,FS - MTA NYCT,0.020288233836183
111,2008015,MTA NYCT,http://www.mta.info/nyct,MTA NEW YORK CITY TRANSIT,2008,G - Brooklyn-Queens Crosstown,http://web.mta.info/nyct/service/pdf/tgcur.pdf,G,HR,"NEW YORK-NEWARK, NY-NJ-CT",1,OPEN,http://web.mta.info/developers/developer-data-terms.html,2015-12-07T00:00:00.000Z,G - MTA NYCT,0.17293577203918
112,2008016,MTA NYCT,http://www.mta.info/nyct,MTA NEW YORK CITY TRANSIT,2008,S - 42 St Shuttle,http://web.mta.info/nyct/service/pdf/t0cur.pdf,GS,HR,"NEW YORK-NEWARK, NY-NJ-CT",1,OPEN,http://web.mta.info/developers/developer-data-terms.html,2015-12-07T00:00:00.000Z,GS - MTA NYCT,0.009007801539738
113,2008017,MTA NYCT,http://www.mta.info/nyct,MTA NEW YORK CITY TRANSIT,2008,S - Rockaway Park Shuttle,http://web.mta.info/nyct/service/pdf/thcur.pdf,H,HR,"NEW YORK-NEWARK, NY-NJ-CT",1,OPEN,http://web.mta.info/developers/developer-data-terms.html,2015-12-07T00:00:00.000Z,H - MTA NYCT,0.046723843459489
114,2008018,MTA NYCT,http://www.mta.info/nyct,MTA NEW YORK CITY TRANSIT,2008,J - Nassau St Local,http://web.mta.info/nyct/service/pdf/tjcur.pdf,J,HR,"NEW YORK-NEWARK, NY-NJ-CT",1,OPEN,http://web.mta.info/developers/developer-data-terms.html,2015-12-07T00:00:00.000Z,J - MTA NYCT,0.238350243713925
115,2008019,MTA NYCT,http://www.mta.info/nyct,MTA NEW YORK CITY TRANSIT,2008,Z - Nassau St Express,http://web.mta.info/nyct/service/pdf/tjcur.pdf,Z,HR,"NEW YORK-NEWARK, NY-NJ-CT",1,OPEN,http://web.mta.info/developers/developer-data-terms.html,2015-12-07T00:00:00.000Z,Z - MTA NYCT,0.238350243713925
116,2008020,MTA NYCT,http://www.mta.info/nyct,MTA NEW YORK CITY TRANSIT,2008,L - 14 St-Canarsie Local,http://web.mta.info/nyct/service/pdf/tlcur.pdf,L,HR,"NEW YORK-NEWARK, NY-NJ-CT",1,OPEN,http://web.mta.info/developers/developer-data-terms.html,2015-12-07T00:00:00.000Z,L - MTA NYCT,0.169653736452655
117,2008021,MTA NYCT,http://www.mta.info/nyct,MTA NEW YORK CITY TRANSIT,2008,M - QNS BLVD-6th AVE/ Myrtle Local,http://web.mta.info/nyct/service/pdf/tmcur.pdf,M,HR,"NEW YORK-NEWARK, NY-NJ-CT",1,OPEN,http://web.mta.info/developers/developer-data-terms.html,2015-12-07T00:00:00.000Z,M - MTA NYCT,0.320419368075111
118,2008022,MTA NYCT,http://www.mta.info/nyct,MTA NEW YORK CITY TRANSIT,2008,N - Broadway Express,http://web.mta.info/nyct/service/pdf/tncur.pdf,N,HR,"NEW YORK-NEWARK, NY-NJ-CT",1,OPEN,http://web.mta.info/developers/developer-data-terms.html,2015-12-07T00:00:00.000Z,N - MTA NYCT,0.326488076680225
119,2008023,MTA NYCT,http://www.mta.info/nyct,MTA NEW YORK CITY TRANSIT,2008,Q - Broadway Express,http://web.mta.info/nyct/service/pdf/tqcur.pdf,Q,HR,"NEW YORK-NEWARK, NY-NJ-CT",1,OPEN,http://web.mta.info/developers/developer-data-terms.html,2015-12-07T00:00:00.000Z,Q - MTA NYCT,0.316941375401497
120,2008024,MTA NYCT,http://www.mta.info/nyct,MTA NEW YORK CITY TRANSIT,2008,R - Broadway Local,http://web.mta.info/nyct/service/pdf/trcur.pdf,R,HR,"NEW YORK-NEWARK, NY-NJ-CT",1,OPEN,http://web.mta.info/developers/developer-data-terms.html,2015-12-07T00:00:00.000Z,R - MTA NYCT,0.359856502689754
121,2008025,MTA NYCT,http://www.mta.info/nyct,MTA NEW YORK CITY TRANSIT,2008,5 - Lexington Avenue Express,http://web.mta.info/nyct/service/pdf/t5cur.pdf,5,HR,"NEW YORK-NEWARK, NY-NJ-CT",1,OPEN,http://web.mta.info/developers/developer-data-terms.html,2015-12-07T00:00:00.000Z,5 - MTA NYCT,0.447458478417935
122,2008026,MTA NYCT,http://www.mta.info/nyct,MTA NEW YORK CITY TRANSIT,2008,1 - Broadway - 7 Avenue Local,http://web.mta.info/nyct/service/pdf/t1cur.pdf,1,HR,"NEW YORK-NEWARK, NY-NJ-CT",1,OPEN,http://web.mta.info/developers/developer-data-terms.html,2015-12-07T00:00:00.000Z,1 - MTA NYCT,0.228049632168816
123,2078001,MTA MNCR,http://web.mta.info/mnr,"METRO-NORTH COMMUTER RAILROAD COMPANY, DBA: MTA METRO-NORTH RAILROAD",2078,Hudson,http://web.mta.info/mnr/html/mnrmap.htm,1,CR,"NEW YORK-NEWARK, NY-NJ-CT",1,OPEN,http://web.mta.info/developers/developer-data-terms.html,2015-11-24T00:00:00.000Z,1 - MTA MNCR,1.11476638380312
124,2078002,MTA MNCR,http://web.mta.info/mnr,"METRO-NORTH COMMUTER RAILROAD COMPANY, DBA: MTA METRO-NORTH RAILROAD",2078,Harlem,http://web.mta.info/mnr/html/mnrmap.htm,2,CR,"NEW YORK-NEWARK, NY-NJ-CT",1,OPEN,http://web.mta.info/developers/developer-data-terms.html,2015-11-24T00:00:00.000Z,2 - MTA MNCR,1.26691057563205
125,2078003,MTA MNCR,http://web.mta.info/mnr,"METRO-NORTH COMMUTER RAILROAD COMPANY, DBA: MTA METRO-NORTH RAILROAD",2078,Waterbury,http://web.mta.info/mnr/html/mnrmap.htm,6,CR,"NEW YORK-NEWARK, NY-NJ-CT",1,OPEN,http://web.mta.info/developers/developer-data-terms.html,2015-11-24T00:00:00.000Z,6 - MTA MNCR,0.910838418515622
126,2078004,MTA MNCR,http://web.mta.info/mnr,"METRO-NORTH COMMUTER RAILROAD COMPANY, DBA: MTA METRO-NORTH RAILROAD",2078,New Haven,http://web.mta.info/mnr/html/mnrmap.htm,3,CR,"NEW YORK-NEWARK, NY-NJ-CT",1,OPEN,http://web.mta.info/developers/developer-data-terms.html,2015-11-24T00:00:00.000Z,3 - MTA MNCR,1.27106891539137
127,4001001,CARTA,http://www.ridetheincline.com/,CHATTANOOGA AREA REGIONAL TRANSPORTATION AUTHORITY,4001,Lookout Mountain Incline Railway,http://www.ridetheincline.com/take-a-ride/,LMIR01,IP,"CHATTANOOGA, TN-GA",100,OPEN,http://www.ridetheincline.com/,2016-01-19T00:00:00.000Z,LMIR01 - CARTA,0.014907848851482
128,4040001,JTA,http://www.jtafla.com/schedules/skyway/,JACKSONVILLE TRANSPORTATION AUTHORITY,4040,Skyway,http://assets.jtafla.com/Documents/Other/skyway-brochure/1253/skyway-brochure.pdf,SKY01,MG,"JACKSONVILLE, FL",40,OPEN,http://assets.jtafla.com/Documents/Other/skyway-brochure/1253/skyway-brochure.pdf,2016-01-19T00:00:00.000Z,SKY01 - JTA,0.040241745797387
129,4008001,CATS,http://charmeck.org/city/charlotte/cats/Pages/default.aspx,CHARLOTTE AREA TRANSIT SYSTEM,4008,LYNX Blue Line,http://charlottenc.gov/cats/rail/lynx-blue-line/Pages/default.aspx,LYNX-BL,LR,"CHARLOTTE, NC-SC",38,OPEN,http://charmeck.org/city/charlotte/cats/Pages/default.aspx,2016-01-21T00:00:00.000Z,LYNX-BL - CATS,0.140271977638882
130,4008002,CATS,http://charmeck.org/city/charlotte/cats/Pages/default.aspx,CHARLOTTE AREA TRANSIT SYSTEM,4008,CityLYNX Gold Line,http://charlottenc.gov/cats/rail/cityLYNX/Pages/default.aspx,LYNX-GL,SR,"CHARLOTTE, NC-SC",38,OPEN,http://charmeck.org/city/charlotte/cats/Pages/default.aspx,2016-01-21T00:00:00.000Z,LYNX-GL - CATS,0.020225045551458
131,9242001,LVMC,http://www.lvmonorail.com/,LAS VEGAS MONORAIL COMPANY,9242,Las Vegas Monorail,http://www.lvmonorail.com/route-map/,LVM01,MG,"LAS VEGAS-HENDERSON, NV",23,OPEN,http://www.lvmonorail.com/route-map/,2016-01-21T00:00:00.000Z,LVM01 - LVMC,0.055961779509543
132,3107001,MPRT,http://transportation.wvu.edu/home,WEST VIRGINIA UNIVERSITY - MORGANTOWN PERSONAL RAPID TRANSIT,3107,WVU PRT,http://transportation.wvu.edu/prt,814,MG,"MORGANTOWN, WV",393,OPEN,http://assets.slate.wvu.edu/resources/1610/1401722464.pdf,2016-12-27T00:00:00.000Z,814 - MPRT,0.051714426028171
133,5003001,KT,http://www.kenosha.org/departments/transportation/,KENOSHA TRANSIT,5003,Kenosha Streetcar,https://www.kenosha.org/images/public-transit/kenosha1.31.17_brochurerevised.pdf,KS01,SR,"KENOSHA, WI-IL",256,OPEN,http://www.kenosha.org/kenevents/graphics/pdf/Streetcar_Route.pdf,2016-01-26T00:00:00.000Z,KS01 - KT,0.032725199716695
134,1102001,SLE,http://www.shorelineeast.com/,"CONNECTICUT DEPARTMENT OF TRANSPORTATION, DBA: SHORE LINE EAST",1102,Shore Line East,http://www.shorelineeast.com/images/docs/SLE-Timetable.pdf#view=FitH,SLE,CR,"HARTFORD, CT",47,OPEN,http://www.shorelineeast.com/google_transit.zip,2015-10-29T00:00:00.000Z,SLE - SLE,1.62973544138121
135,9002001,DTS HART,http://www.honolulutransit.org/,"CITY AND COUNTY OF HONOLULU, DBA: HONOLULU AUTHORITY FOR RAPID TRANSPORTATION",9002,Honolulu Rail Transit Phase 2,http://www.honolulutransit.org/ride/route-map,HRT02,HR,"URBAN HONOLULU, HI",54,PLANNED,http://www.honolulutransit.org/ride/route-map,2016-01-27T00:00:00.000Z,HRT02 - DTS HART,0.144355088419658
136,9002002,DTS HART,http://www.honolulutransit.org/,"CITY AND COUNTY OF HONOLULU, DBA: HONOLULU AUTHORITY FOR RAPID TRANSPORTATION",9002,Honolulu Rail Transit Phase 1,http://www.honolulutransit.org/ride/route-map,HRT01,HR,"URBAN HONOLULU, HI",54,UNDER CONSTRUCTION,http://www.honolulutransit.org/ride/route-map,2016-01-27T00:00:00.000Z,HRT01 - DTS HART,0.158546554373444
137,9182001,ACE,http://www.acerail.com/,ALTAMONT CORRIDOR EXPRESS,9182,Altamont Corridor Express Rail Line,http://www.acerail.com/Getting-You-There/Maps-Stations,ACE01,CR,"STOCKTON, CA",102,OPEN,http://www.acerail.com/Getting-You-There/Maps-Stations,2016-01-27T00:00:00.000Z,ACE01 - ACE,1.3993803122443
138,3012001,CamTran,http://www.camtranbus.com/,CAMBRIA COUNTY TRANSIT AUTHORITY,3012,Johnstown Inlcined Plane,http://www.camtranbus.com/services/inclined-plane/,CT01,IP,"JOHNSTOWN, PA",400,OPEN,http://www.camtranbus.com/services/inclined-plane/,2016-01-27T00:00:00.000Z,CT01 - CamTran,0.002474090376275
139,4077001,Tri-Rail,http://www.tri-rail.com/,SOUTH FLORIDA REGIONAL TRANSPORTATION AUTHORITY,4077,Tri-Rail,http://www.tri-rail.com/train-schedules/Print_Schedule.pdf,TR01,CR,"MIAMI, FL",4,OPEN,http://www.tri-rail.com/GTDF/Current/,2017-01-04T00:00:00.000Z,TR01 - Tri-Rail,1.04527227896448
140,5141001,DPM,http://www.thepeoplemover.com/,DETROIT TRANSPORTATION CORPORATION,5141,Detroit People Mover,http://www.thepeoplemover.com/map.html,DPM01,MG,"DETROIT, MI",11,OPEN,http://www.thepeoplemover.com/map.html,2016-02-02T00:00:00.000Z,DPM01 - DPM,0.048540056162391
141,5213001,M-1 RAIL,https://qlinedetroit.com/,M-1 RAIL,5213,QLINE,https://qlinedetroit.com/plan-your-ride/,M1,SR,"DETROIT, MI",11,UNDER CONSTRUCTION,https://qlinedetroit.com/grand-opening/,2016-02-02T00:00:00.000Z,M1 - M-1 RAIL,0.048531857131185
142,6017001,EMBARK,http://embarkok.com/,"CENTRAL OKLAHOMA TRANSPORTATION AND PARKING AUTHORITY, DBA: EMBARK",6017,Oklahoma CIty Streetcar,https://www.okc.gov/government/maps-3/projects/modern-streetcar-transit,MS01,SR,"OKLAHOMA CITY, OK",51,UNDER CONSTRUCTION,http://www.okc.gov/agendapub/cache/2/mrcjge3t1dvmzz55vdwchp55/27108150202201611392883.PDF,2016-02-02T00:00:00.000Z,MS01 - EMBARK,0.074926296212978
143,4094001,ATI,https://ati.pr/,AUTORIDAD DE TRANSPORTE INTEGRADO,4094,Tren Urbano,https://ati.pr/rutas-y-mapas/,TU01,HR,"SAN JUAN, PR",21,OPEN,https://ati.pr/rutas-y-mapas/,2016-02-03T00:00:00.000Z,TU01 - ATI,0.15455342362597
144,4230001,ASC,http://www.theatlantastreetcar.com/,CITY OF ATLANTA - DEPARTMENT OF PUBLIC WORKS - TRANSIT DIVISION,4230,Atlanta Streetcar,http://streetcar.atlantaga.gov/?page_id=1111,ASC_4560585,SR,"ATLANTA, GA",9,OPEN,http://documents.atlantaregional.com/transitdata/gtfs_ASC.zip,2015-08-25T00:00:00.000Z,ASC_4560585 - ASC,0.043920833870553
145,40001,ST,http://www.soundtransit.org/,CENTRAL PUGET SOUND REGIONAL TRANSIT AUTHORITY,0040,Sounder Everett - Seattle,http://www.soundtransit.org/Rider-Guide/Sounder-train,SNDR_EV,CR,"SEATTLE, WA",14,OPEN,http://www.soundtransit.org/Developer-resources/Data-downloads,2015-10-20T00:00:00.000Z,SNDR_EV - ST,0.578947755873307
146,40002,ST,http://www.soundtransit.org/,CENTRAL PUGET SOUND REGIONAL TRANSIT AUTHORITY,0040,Sounder Lakewood - Seattle,http://www.soundtransit.org/Rider-Guide/Sounder-train,SNDR_TL,CR,"SEATTLE, WA",14,OPEN,http://www.soundtransit.org/Developer-resources/Data-downloads,2015-10-20T00:00:00.000Z,SNDR_TL - ST,0.783558902367058
147,40003,ST,http://www.soundtransit.org/,CENTRAL PUGET SOUND REGIONAL TRANSIT AUTHORITY,0040,Tacoma Link light rail,http://www.soundtransit.org/Rider-Guide/Link-light-rail,TLINK,LR,"SEATTLE, WA",14,OPEN,http://www.soundtransit.org/Developer-resources/Data-downloads,2015-10-20T00:00:00.000Z,TLINK - ST,0.025255319491727
148,1003,King County Metro,http://metro.kingcounty.gov/,KING COUNTY DEPARTMENT OF TRANSPORTATION - METRO TRANSIT DIVISION,0001,First Hill Streetcar,http://seattlestreetcar.org/firsthill.htm,102638,SR,"SEATTLE, WA",14,OPEN,http://metro.kingcounty.gov/GTFS/,2016-01-29T00:00:00.000Z,102638 - King County Metro,0.044112109926453
149,23001,SCM,http://www.seattlemonorail.com/,CITY OF SEATTLE - SEATTLE CENTER MONORAIL TRANSIT,0023,Seattle Center Monorail,http://www.seattlemonorail.com/about/#route,SCM01,MG,"SEATTLE, WA",14,OPEN,http://www.seattlemonorail.com/about/#route,2016-02-04T00:00:00.000Z,SCM01 - SCM,0.017038826084988
150,6101001,DCTA,https://www.dcta.net/,DENTON COUNTY TRANSPORTATION AUTHORITY,6101,A-train,https://www.dcta.net/routes-schedules/a-train/a-train-schedule,A01,CR,"DENTON-LEWISVILLE, TX",104,OPEN,https://www.dcta.net/images/uploads/content_files/a-train_files/atrainline.pdf,2016-02-12T00:00:00.000Z,A01 - DCTA,0.326569776304764
151,2075001,PATCO,http://www.ridepatco.org/index.asp,PORT AUTHORITY TRANSIT CORPORATION,2075,Speedline,http://www.ridepatco.org/stations/routemap.html,1,HR,"PHILADELPHIA, PA-NJ-DE-MD",5,OPEN,http://www.ridepatco.org/developers/,2016-01-02T00:00:00.000Z,1 - PATCO,0.230082784990963
152,5118001,Metra,http://metrarail.com/metra/en/home.html,NORTHEAST ILLINOIS REGIONAL COMMUTER RAILROAD CORPORATION DBA: METRA RAIL,5118,Burlington Northern,https://metrarail.com/maps-schedules/train-lines/BNSF,BNSF,CR,"CHICAGO, IL-IN",3,OPEN,http://metrarail.com/metra/en/home/about_metra/obtaining_records_from_metra.html,2016-02-05T00:00:00.000Z,BNSF - Metra,0.702383600180063
153,5118002,Metra,http://metrarail.com/metra/en/home.html,NORTHEAST ILLINOIS REGIONAL COMMUTER RAILROAD CORPORATION DBA: METRA RAIL,5118,Heritage Corridor,https://metrarail.com/maps-schedules/train-lines/HC,HC,CR,"CHICAGO, IL-IN",3,OPEN,http://metrarail.com/metra/en/home/about_metra/obtaining_records_from_metra.html,2016-02-05T00:00:00.000Z,HC - Metra,0.628479409424059
154,5118003,Metra,http://metrarail.com/metra/en/home.html,NORTHEAST ILLINOIS REGIONAL COMMUTER RAILROAD CORPORATION DBA: METRA RAIL,5118,Milwaukee North,https://metrarail.com/maps-schedules/train-lines/MD-N,MD-N,CR,"CHICAGO, IL-IN",3,OPEN,http://metrarail.com/metra/en/home/about_metra/obtaining_records_from_metra.html,2016-02-05T00:00:00.000Z,MD-N - Metra,0.823326247318127
155,5118004,Metra,http://metrarail.com/metra/en/home.html,NORTHEAST ILLINOIS REGIONAL COMMUTER RAILROAD CORPORATION DBA: METRA RAIL,5118,Milwaukee West,https://metrarail.com/maps-schedules/train-lines/MD-W,MD-W,CR,"CHICAGO, IL-IN",3,OPEN,http://metrarail.com/metra/en/home/about_metra/obtaining_records_from_metra.html,2016-02-05T00:00:00.000Z,MD-W - Metra,0.745825849836527
156,5118005,Metra,http://metrarail.com/metra/en/home.html,NORTHEAST ILLINOIS REGIONAL COMMUTER RAILROAD CORPORATION DBA: METRA RAIL,5118,Metra Electric,https://metrarail.com/maps-schedules/train-lines/ME,ME,CR,"CHICAGO, IL-IN",3,OPEN,http://metrarail.com/metra/en/home/about_metra/obtaining_records_from_metra.html,2016-02-05T00:00:00.000Z,ME - Metra,0.612503529413735
157,5118006,Metra,http://metrarail.com/metra/en/home.html,NORTHEAST ILLINOIS REGIONAL COMMUTER RAILROAD CORPORATION DBA: METRA RAIL,5118,Southwest Service,https://metrarail.com/maps-schedules/train-lines/SWS,SWS,CR,"CHICAGO, IL-IN",3,OPEN,http://metrarail.com/metra/en/home/about_metra/obtaining_records_from_metra.html,2016-02-05T00:00:00.000Z,SWS - Metra,0.648670088754863
158,5118007,Metra,http://metrarail.com/metra/en/home.html,NORTHEAST ILLINOIS REGIONAL COMMUTER RAILROAD CORPORATION DBA: METRA RAIL,5118,Union Pacific Northwest,https://metrarail.com/maps-schedules/train-lines/UP-NW,UP-NW,CR,"CHICAGO, IL-IN",3,OPEN,http://metrarail.com/metra/en/home/about_metra/obtaining_records_from_metra.html,2016-02-05T00:00:00.000Z,UP-NW - Metra,1.24303453767749
159,5118008,Metra,http://metrarail.com/metra/en/home.html,NORTHEAST ILLINOIS REGIONAL COMMUTER RAILROAD CORPORATION DBA: METRA RAIL,5118,Union Pacific North,https://metrarail.com/maps-schedules/train-lines/UP-N,UP-N,CR,"CHICAGO, IL-IN",3,OPEN,http://metrarail.com/metra/en/home/about_metra/obtaining_records_from_metra.html,2016-02-05T00:00:00.000Z,UP-N - Metra,0.77941078801095
160,5118009,Metra,http://metrarail.com/metra/en/home.html,NORTHEAST ILLINOIS REGIONAL COMMUTER RAILROAD CORPORATION DBA: METRA RAIL,5118,Union Pacific West,https://metrarail.com/maps-schedules/train-lines/UP-W,UP-W,CR,"CHICAGO, IL-IN",3,OPEN,http://metrarail.com/metra/en/home/about_metra/obtaining_records_from_metra.html,2016-02-05T00:00:00.000Z,UP-W - Metra,0.840115232239515
161,5118010,Metra,http://metrarail.com/metra/en/home.html,NORTHEAST ILLINOIS REGIONAL COMMUTER RAILROAD CORPORATION DBA: METRA RAIL,5118,Rock Island,https://metrarail.com/maps-schedules/train-lines/RI,RI,CR,"CHICAGO, IL-IN",3,OPEN,http://metrarail.com/metra/en/home/about_metra/obtaining_records_from_metra.html,2016-02-05T00:00:00.000Z,RI - Metra,0.774586178980689
162,5118011,Metra,http://metrarail.com/metra/en/home.html,NORTHEAST ILLINOIS REGIONAL COMMUTER RAILROAD CORPORATION DBA: METRA RAIL,5118,North Central Service,https://metrarail.com/maps-schedules/train-lines/NCS,NCS,CR,"CHICAGO, IL-IN",3,OPEN,http://metrarail.com/metra/en/home/about_metra/obtaining_records_from_metra.html,2016-02-05T00:00:00.000Z,NCS - Metra,0.844498521444318
163,2080001,NJ TRANSIT,http://www.njtransit.com,NEW JERSEY TRANSIT CORPORATION,2080,Atlantic City Rail Line,http://www.njtransit.com/pdf/rail/R0090.pdf,1,CR,"NEW YORK-NEWARK, NY-NJ-CT",1,OPEN,http://www.njtransit.com/developer,2015-11-21T00:00:00.000Z,1 - NJ TRANSIT,1.12351991783643
164,2080002,NJ TRANSIT,http://www.njtransit.com,NEW JERSEY TRANSIT CORPORATION,2080,North Jersey Coast Line,http://www.njtransit.com/pdf/rail/R0080.pdf,10,CR,"NEW YORK-NEWARK, NY-NJ-CT",1,OPEN,http://www.njtransit.com/developer,2015-11-21T00:00:00.000Z,10 - NJ TRANSIT,1.19486415940634
165,2080003,NJ TRANSIT,http://www.njtransit.com,NEW JERSEY TRANSIT CORPORATION,2080,Newark Light Rail,http://www.njtransit.com/pdf/bus/T0007.pdf,12,LR,"NEW YORK-NEWARK, NY-NJ-CT",1,OPEN,http://www.njtransit.com/developer,2015-11-21T00:00:00.000Z,12 - NJ TRANSIT,0.102893293861492
166,2080004,NJ TRANSIT,http://www.njtransit.com,NEW JERSEY TRANSIT CORPORATION,2080,Pascack Valley Line,http://www.njtransit.com/pdf/rail/R0010.pdf,13,CR,"NEW YORK-NEWARK, NY-NJ-CT",1,OPEN,http://www.njtransit.com/developer,2015-11-21T00:00:00.000Z,13 - NJ TRANSIT,0.47969181067479
167,2080005,NJ TRANSIT,http://www.njtransit.com,NEW JERSEY TRANSIT CORPORATION,2080,Princeton Shuttle,http://www.njtransit.com/rg/rg_servlet.srv?hdnPageAction=LineDetailsTo&selLine=PRIN,14,CR,"NEW YORK-NEWARK, NY-NJ-CT",1,OPEN,http://www.njtransit.com/developer,2015-11-21T00:00:00.000Z,14 - NJ TRANSIT,0.045324476099824
168,2080006,NJ TRANSIT,http://www.njtransit.com,NEW JERSEY TRANSIT CORPORATION,2080,Raritan Valley Line,http://www.njtransit.com/pdf/rail/R0060.pdf,15,CR,"NEW YORK-NEWARK, NY-NJ-CT",1,OPEN,http://www.njtransit.com/developer,2015-11-21T00:00:00.000Z,15 - NJ TRANSIT,1.10775611485958
169,2080007,NJ TRANSIT,http://www.njtransit.com,NEW JERSEY TRANSIT CORPORATION,2080,Riverline Light Rail,http://www.njtransit.com/pdf/bus/T0343.pdf,16,LR,"NEW YORK-NEWARK, NY-NJ-CT",1,OPEN,http://www.njtransit.com/developer,2015-11-21T00:00:00.000Z,16 - NJ TRANSIT,0.578375061568887
170,2080008,NJ TRANSIT,http://www.njtransit.com,NEW JERSEY TRANSIT CORPORATION,2080,Meadowlands Rail Line,http://www.njtransit.com/sf/sf_servlet.srv?hdnPageAction=MeadowlandsTo,17,CR,"NEW YORK-NEWARK, NY-NJ-CT",1,OPEN,http://www.njtransit.com/developer,2015-11-21T00:00:00.000Z,17 - NJ TRANSIT,0.173050471646226
171,2080009,NJ TRANSIT,http://www.njtransit.com,NEW JERSEY TRANSIT CORPORATION,2080,Main/Bergen County Line,http://www.njtransit.com/pdf/rail/R0020.pdf,5,CR,"NEW YORK-NEWARK, NY-NJ-CT",1,OPEN,http://www.njtransit.com/developer,2015-11-21T00:00:00.000Z,5 - NJ TRANSIT,0.699720226039423
172,2080010,NJ TRANSIT,http://www.njtransit.com,NEW JERSEY TRANSIT CORPORATION,2080,Port Jervis Line,http://www.njtransit.com/rg/rg_servlet.srv?hdnPageAction=LineDetailsTo&selLine=MNBN,6,CR,"NEW YORK-NEWARK, NY-NJ-CT",1,OPEN,http://www.njtransit.com/developer,2015-11-21T00:00:00.000Z,6 - NJ TRANSIT,1.78173300157314
173,2080011,NJ TRANSIT,http://www.njtransit.com,NEW JERSEY TRANSIT CORPORATION,2080,Morris & Essex Line,http://www.njtransit.com/pdf/rail/R0040.pdf,7,CR,"NEW YORK-NEWARK, NY-NJ-CT",1,OPEN,http://www.njtransit.com/developer,2015-11-21T00:00:00.000Z,7 - NJ TRANSIT,1.19436059215056
174,2080012,NJ TRANSIT,http://www.njtransit.com,NEW JERSEY TRANSIT CORPORATION,2080,Northeast Corridor,http://www.njtransit.com/pdf/rail/R0070.pdf,9,CR,"NEW YORK-NEWARK, NY-NJ-CT",1,OPEN,http://www.njtransit.com/developer,2015-11-21T00:00:00.000Z,9 - NJ TRANSIT,0.979511777030396
175,2080013,NJ TRANSIT,http://www.njtransit.com,NEW JERSEY TRANSIT CORPORATION,2080,Montclair-Boonton Line,http://www.njtransit.com/pdf/rail/R0030.pdf,2,CR,"NEW YORK-NEWARK, NY-NJ-CT",1,OPEN,http://www.njtransit.com/developer,2015-11-21T00:00:00.000Z,2 - NJ TRANSIT,1.18843980735578
176,2080014,NJ TRANSIT,http://www.njtransit.com,NEW JERSEY TRANSIT CORPORATION,2080,Gladstone Branch,http://www.njtransit.com/rg/rg_servlet.srv?hdnPageAction=LineDetailsTo&selLine=MNEG,8,CR,"NEW YORK-NEWARK, NY-NJ-CT",1,OPEN,http://www.njtransit.com/developer,2015-11-21T00:00:00.000Z,8 - NJ TRANSIT,0.897452625955882
177,2080015,NJ TRANSIT,http://www.njtransit.com,NEW JERSEY TRANSIT CORPORATION,2080,Hudson-Bergen Light Rail,http://www.njtransit.com/pdf/bus/T0100.pdf,4,LR,"NEW YORK-NEWARK, NY-NJ-CT",1,OPEN,http://www.njtransit.com/developer,2015-11-21T00:00:00.000Z,4 - NJ TRANSIT,0.268621753871591
178,1115001,NNEPRA,http://www.amtrakdowneaster.com/,NORTHERN NEW ENGLAND PASSENGER RAIL AUTHORITY,1115,Downeaster,http://www.amtrakdowneaster.com/schedules,DE01,CR,"PORTLAND, ME",177,OPEN,http://www.amtrakdowneaster.com/stations,2016-03-08T00:00:00.000Z,DE01 - NNEPRA,2.38070672924166
179,41001,ARRC,https://www.alaskarailroad.com/,ALASKA RAILROAD CORPORATION,0041,Aurora Winter,https://www.alaskarailroad.com/ride-train/route-map/aurora-winter,AR05,AR,"ANCHORAGE, AK",149,OPEN,https://www.alaskarailroad.com/ride-train/route-map,2016-03-11T00:00:00.000Z,AR05 - ARRC,7.74354200539657
180,41002,ARRC,https://www.alaskarailroad.com/,ALASKA RAILROAD CORPORATION,0041,Hurricane Turn,https://www.alaskarailroad.com/ride-train/route-map/hurricane-turn,AR04,AR,"ANCHORAGE, AK",149,OPEN,https://www.alaskarailroad.com/ride-train/route-map,2016-03-11T00:00:00.000Z,AR04 - ARRC,1.15522311957202
181,41003,ARRC,https://www.alaskarailroad.com/,ALASKA RAILROAD CORPORATION,0041,Denali Star,https://www.alaskarailroad.com/ride-train/route-map/denali-star,AR03,AR,"ANCHORAGE, AK",149,OPEN,https://www.alaskarailroad.com/ride-train/route-map,2016-03-11T00:00:00.000Z,AR03 - ARRC,7.74354200539657
182,41004,ARRC,https://www.alaskarailroad.com/,ALASKA RAILROAD CORPORATION,0041,Glacier Discovery,https://www.alaskarailroad.com/ride-train/route-map/Glacier-Discovery,AR02,AR,"ANCHORAGE, AK",149,OPEN,https://www.alaskarailroad.com/ride-train/route-map,2016-03-11T00:00:00.000Z,AR02 - ARRC,1.6363954970464
183,41005,ARRC,https://www.alaskarailroad.com/,ALASKA RAILROAD CORPORATION,0041,Coastal Classic,https://www.alaskarailroad.com/ride-train/route-map/coastal-classic,AR01,AR,"ANCHORAGE, AK",149,OPEN,https://www.alaskarailroad.com/ride-train/route-map,2016-03-11T00:00:00.000Z,AR01 - ARRC,2.32051506145001
184,41006,ARRC,https://www.alaskarailroad.com/,ALASKA RAILROAD CORPORATION,0041,Alaska State Fair,https://www.alaskarailroad.com/ride-a-train/event-trains/fair-train,AR00,AR,"ANCHORAGE, AK",149,OPEN,https://www.alaskarailroad.com/ride-train/route-map,2016-03-11T00:00:00.000Z,AR00 - ARRC,0.948176005642279
185,2078005,MTA MNCR,http://web.mta.info/mnr,"METRO-NORTH COMMUTER RAILROAD COMPANY, DBA: MTA METRO-NORTH RAILROAD",2078,New Canaan,http://web.mta.info/mnr/html/mnrmap.htm,4,CR,"NEW YORK-NEWARK, NY-NJ-CT",1,OPEN,http://web.mta.info/developers/developer-data-terms.html,2015-11-24T00:00:00.000Z,4 - MTA MNCR,0.683157646719552
186,2078006,MTA MNCR,http://web.mta.info/mnr,"METRO-NORTH COMMUTER RAILROAD COMPANY, DBA: MTA METRO-NORTH RAILROAD",2078,Danbury,http://web.mta.info/mnr/html/mnrmap.htm,5,CR,"NEW YORK-NEWARK, NY-NJ-CT",1,OPEN,http://web.mta.info/developers/developer-data-terms.html,2015-11-24T00:00:00.000Z,5 - MTA MNCR,1.06793611916124
187,1003001,MBTA,http://www.mbta.com/,MASSACHUSETTS BAY TRANSPORTATION AUTHORITY,1003,Green Line B,http://www.mbta.com/schedules_and_maps/subway/lines/?route=GREEN,Green-B,LR,"BOSTON, MA-NH-RI",10,OPEN,http://www.mbta.com/rider_tools/developers/default.asp?id=21895,2015-12-01T00:00:00.000Z,Green-B - MBTA,0.145106664932211
188,1003002,MBTA,http://www.mbta.com/,MASSACHUSETTS BAY TRANSPORTATION AUTHORITY,1003,Green Line C,http://www.mbta.com/schedules_and_maps/subway/lines/?route=GREEN,Green-C,LR,"BOSTON, MA-NH-RI",10,OPEN,http://www.mbta.com/rider_tools/developers/default.asp?id=21895,2015-12-01T00:00:00.000Z,Green-C - MBTA,0.122255535422227
189,1003003,MBTA,http://www.mbta.com/,MASSACHUSETTS BAY TRANSPORTATION AUTHORITY,1003,Green Line D,http://www.mbta.com/schedules_and_maps/subway/lines/?route=GREEN,Green-D,LR,"BOSTON, MA-NH-RI",10,OPEN,http://www.mbta.com/rider_tools/developers/default.asp?id=21895,2015-12-01T00:00:00.000Z,Green-D - MBTA,0.242584608093411
190,1003004,MBTA,http://www.mbta.com/,MASSACHUSETTS BAY TRANSPORTATION AUTHORITY,1003,Green Line E,http://www.mbta.com/schedules_and_maps/subway/lines/?route=GREEN,Green-E,LR,"BOSTON, MA-NH-RI",10,OPEN,http://www.mbta.com/rider_tools/developers/default.asp?id=21895,2015-12-01T00:00:00.000Z,Green-E - MBTA,0.092806418544495
191,1003005,MBTA,http://www.mbta.com/,MASSACHUSETTS BAY TRANSPORTATION AUTHORITY,1003,Mattapan Trolley,http://www.mbta.com/uploadedfiles/Documents/Schedules_and_Maps/Subway/rtMattapan.pdf,Mattapan,LR,"BOSTON, MA-NH-RI",10,OPEN,http://www.mbta.com/rider_tools/developers/default.asp?id=21895,2015-12-01T00:00:00.000Z,Mattapan - MBTA,0.045563531766387
192,1003006,MBTA,http://www.mbta.com/,MASSACHUSETTS BAY TRANSPORTATION AUTHORITY,1003,Orange Line,http://www.mbta.com/schedules_and_maps/subway/lines/?route=ORANGE,Orange,HR,"BOSTON, MA-NH-RI",10,OPEN,http://www.mbta.com/rider_tools/developers/default.asp?id=21895,2015-12-01T00:00:00.000Z,Orange - MBTA,0.174657217271756
193,1003007,MBTA,http://www.mbta.com/,MASSACHUSETTS BAY TRANSPORTATION AUTHORITY,1003,Red Line,http://www.mbta.com/schedules_and_maps/subway/lines/?route=RED,Red,HR,"BOSTON, MA-NH-RI",10,OPEN,http://www.mbta.com/rider_tools/developers/default.asp?id=21895,2015-12-01T00:00:00.000Z,Red - MBTA,0.341407232676449
194,1003008,MBTA,http://www.mbta.com/,MASSACHUSETTS BAY TRANSPORTATION AUTHORITY,1003,Blue Line,http://www.mbta.com/schedules_and_maps/subway/lines/?route=BLUE,Blue,HR,"BOSTON, MA-NH-RI",10,OPEN,http://www.mbta.com/rider_tools/developers/default.asp?id=21895,2015-12-01T00:00:00.000Z,Blue - MBTA,0.101678502127104
195,1003009,MBTA,http://www.mbta.com/,MASSACHUSETTS BAY TRANSPORTATION AUTHORITY,1003,Kingston/Plymouth Line,http://www.mbta.com/schedules_and_maps/rail/lines/?route=KINGSTON,CR-Kingston,CR,"BOSTON, MA-NH-RI",10,OPEN,http://www.mbta.com/rider_tools/developers/default.asp?id=21895,2015-12-01T00:00:00.000Z,CR-Kingston - MBTA,0.620583526129354
196,1003010,MBTA,http://www.mbta.com/,MASSACHUSETTS BAY TRANSPORTATION AUTHORITY,1003,Middleborough/Lakeville Line,http://www.mbta.com/schedules_and_maps/rail/lines/?route=MIDLBORO,CR-Middleborough,CR,"BOSTON, MA-NH-RI",10,OPEN,http://www.mbta.com/rider_tools/developers/default.asp?id=21895,2015-12-01T00:00:00.000Z,CR-Middleborough - MBTA,0.546289617550224
197,1003011,MBTA,http://www.mbta.com/,MASSACHUSETTS BAY TRANSPORTATION AUTHORITY,1003,Newburyport/Rockport Line,http://www.mbta.com/schedules_and_maps/rail/lines/?route=NBRYROCK,CR-Newburyport,CR,"BOSTON, MA-NH-RI",10,OPEN,http://www.mbta.com/rider_tools/developers/default.asp?id=21895,2015-12-01T00:00:00.000Z,CR-Newburyport - MBTA,0.873376409376712
198,1003012,MBTA,http://www.mbta.com/,MASSACHUSETTS BAY TRANSPORTATION AUTHORITY,1003,Haverhill Line,http://www.mbta.com/schedules_and_maps/rail/lines/?route=HAVRHILL,CR-Haverhill,CR,"BOSTON, MA-NH-RI",10,OPEN,http://www.mbta.com/rider_tools/developers/default.asp?id=21895,2015-12-01T00:00:00.000Z,CR-Haverhill - MBTA,0.808599352242889
199,1003013,MBTA,http://www.mbta.com/,MASSACHUSETTS BAY TRANSPORTATION AUTHORITY,1003,Lowell Line,http://www.mbta.com/schedules_and_maps/rail/lines/?route=LOWELL,CR-Lowell,CR,"BOSTON, MA-NH-RI",10,OPEN,http://www.mbta.com/rider_tools/developers/default.asp?id=21895,2015-12-01T00:00:00.000Z,CR-Lowell - MBTA,0.421496857567775
200,1003014,MBTA,http://www.mbta.com/,MASSACHUSETTS BAY TRANSPORTATION AUTHORITY,1003,Fitchburg Line,http://www.mbta.com/schedules_and_maps/rail/lines/?route=FITCHBRG,CR-Fitchburg,CR,"BOSTON, MA-NH-RI",10,OPEN,http://www.mbta.com/rider_tools/developers/default.asp?id=21895,2015-12-01T00:00:00.000Z,CR-Fitchburg - MBTA,0.950006257603584
201,1003015,MBTA,http://www.mbta.com/,MASSACHUSETTS BAY TRANSPORTATION AUTHORITY,1003,Framingham/Worcester Line,http://www.mbta.com/schedules_and_maps/rail/lines/?route=WORCSTER,CR-Worcester,CR,"BOSTON, MA-NH-RI",10,OPEN,http://www.mbta.com/rider_tools/developers/default.asp?id=21895,2015-12-01T00:00:00.000Z,CR-Worcester - MBTA,0.822062245781424
202,1003016,MBTA,http://www.mbta.com/,MASSACHUSETTS BAY TRANSPORTATION AUTHORITY,1003,Needham Line,http://www.mbta.com/schedules_and_maps/rail/lines/?route=NEEDHAM,CR-Needham,CR,"BOSTON, MA-NH-RI",10,OPEN,http://www.mbta.com/rider_tools/developers/default.asp?id=21895,2015-12-01T00:00:00.000Z,CR-Needham - MBTA,0.239937115170086
203,1003017,MBTA,http://www.mbta.com/,MASSACHUSETTS BAY TRANSPORTATION AUTHORITY,1003,Fairmount Line,http://www.mbta.com/schedules_and_maps/rail/lines/?route=FAIRMNT,CR-Fairmount,CR,"BOSTON, MA-NH-RI",10,OPEN,http://www.mbta.com/rider_tools/developers/default.asp?id=21895,2015-12-01T00:00:00.000Z,CR-Fairmount - MBTA,0.148586922532755
204,1003018,MBTA,http://www.mbta.com/,MASSACHUSETTS BAY TRANSPORTATION AUTHORITY,1003,Providence/Stoughton Line,http://www.mbta.com/schedules_and_maps/rail/lines/?route=PROVSTOU,CR-Providence,CR,"BOSTON, MA-NH-RI",10,OPEN,http://www.mbta.com/rider_tools/developers/default.asp?id=21895,2015-12-01T00:00:00.000Z,CR-Providence - MBTA,1.05305628555719
205,1003019,MBTA,http://www.mbta.com/,MASSACHUSETTS BAY TRANSPORTATION AUTHORITY,1003,Greenbush Line,http://www.mbta.com/schedules_and_maps/rail/lines/?route=GREENBSH,CR-Greenbush,CR,"BOSTON, MA-NH-RI",10,OPEN,http://www.mbta.com/rider_tools/developers/default.asp?id=21895,2015-12-01T00:00:00.000Z,CR-Greenbush - MBTA,0.476624927717101
206,1003020,MBTA,http://www.mbta.com/,MASSACHUSETTS BAY TRANSPORTATION AUTHORITY,1003,Franklin Line,http://www.mbta.com/schedules_and_maps/rail/lines/?route=FRANKLIN,CR-Franklin,CR,"BOSTON, MA-NH-RI",10,OPEN,http://www.mbta.com/rider_tools/developers/default.asp?id=21895,2015-12-01T00:00:00.000Z,CR-Franklin - MBTA,0.519988207061495
207,3022001,PAAC,http://www.portauthority.org/paac/default.aspx,PORT AUTHORITY OF ALLEGHENY COUNTY,3022,Library via Overbrook,http://www.portauthority.org/paac/apps/maps/BLLB.PDF,BLLB-159,LR,"PITTSBURGH, PA",27,OPEN,http://www.portauthority.org/GoogleTransitFeed/,2015-11-23T00:00:00.000Z,BLLB-159 - PAAC,0.223750776199417
208,3022002,PAAC,http://www.portauthority.org/paac/default.aspx,PORT AUTHORITY OF ALLEGHENY COUNTY,3022,South Hills Village via Overbrook,http://www.portauthority.org/PAAC/apps/pdfs/BLSV.PDF,BLSV-159,LR,"PITTSBURGH, PA",27,OPEN,http://www.portauthority.org/GoogleTransitFeed/,2015-11-23T00:00:00.000Z,BLSV-159 - PAAC,0.179849270526131
209,3022003,PAAC,http://www.portauthority.org/paac/default.aspx,PORT AUTHORITY OF ALLEGHENY COUNTY,3022,South Hills Village via Beechview,http://www.portauthority.org/PAAC/apps/pdfs/RED.PDF,RLSV-159,LR,"PITTSBURGH, PA",27,OPEN,http://www.portauthority.org/GoogleTransitFeed/,2015-11-23T00:00:00.000Z,RLSV-159 - PAAC,0.185000796835671
210,3022004,PAAC,http://www.portauthority.org/paac/default.aspx,PORT AUTHORITY OF ALLEGHENY COUNTY,3022,Castle Shannon via Beechview,http://www.portauthority.org/PAAC/apps/pdfs/RED.PDF,RLCS-159,LR,"PITTSBURGH, PA",27,OPEN,http://www.portauthority.org/GoogleTransitFeed/,2015-11-23T00:00:00.000Z,RLCS-159 - PAAC,0.140254459528462
211,3022005,PAAC,http://www.portauthority.org/paac/default.aspx,PORT AUTHORITY OF ALLEGHENY COUNTY,3022,Duquesne Incline,http://www.portauthority.org/paac/SchedulesMaps/Inclines.aspx,DQI-159,IP,"PITTSBURGH, PA",27,OPEN,http://www.portauthority.org/GoogleTransitFeed/,2015-11-23T00:00:00.000Z,DQI-159 - PAAC,0.001926385307957
212,3022006,PAAC,http://www.portauthority.org/paac/default.aspx,PORT AUTHORITY OF ALLEGHENY COUNTY,3022,Monongahela Incline,http://www.portauthority.org/paac/SchedulesMaps/Inclines.aspx,MI-159,IP,"PITTSBURGH, PA",27,OPEN,http://www.portauthority.org/GoogleTransitFeed/,2015-11-23T00:00:00.000Z,MI-159 - PAAC,0.001668279500498
213,2100001,MTA LIRR,http://www.mta.info/lirr,MTA LONG ISLAND RAIL ROAD,2100,Montauk,http://web.mta.info/lirr/Timetable/Branch2/MontaukBranch.pdf,5,CR,"NEW YORK-NEWARK, NY-NJ-CT",1,OPEN,http://web.mta.info/developers/developer-data-terms.html#data,2015-12-11T00:00:00.000Z,5 - MTA LIRR,2.15977132754294
214,2100002,MTA LIRR,http://www.mta.info/lirr,MTA LONG ISLAND RAIL ROAD,2100,Far Rockaway,http://web.mta.info/lirr/Timetable/Branch2/FarRockawayBranch.pdf,7,CR,"NEW YORK-NEWARK, NY-NJ-CT",1,OPEN,http://web.mta.info/developers/developer-data-terms.html#data,2015-12-11T00:00:00.000Z,7 - MTA LIRR,0.575159246808254
215,2100003,MTA LIRR,http://www.mta.info/lirr,MTA LONG ISLAND RAIL ROAD,2100,City Zone,http://web.mta.info/lirr/Timetable/Branch2/CityTerminalBranch.pdf,12,CR,"NEW YORK-NEWARK, NY-NJ-CT",1,OPEN,http://web.mta.info/developers/developer-data-terms.html#data,2015-12-11T00:00:00.000Z,12 - MTA LIRR,0.377502568054334
216,2100004,MTA LIRR,http://www.mta.info/lirr,MTA LONG ISLAND RAIL ROAD,2100,Port Washington,http://web.mta.info/lirr/Timetable/Branch2/PortWashingtonBranch.pdf,9,CR,"NEW YORK-NEWARK, NY-NJ-CT",1,OPEN,http://web.mta.info/developers/developer-data-terms.html#data,2015-12-11T00:00:00.000Z,9 - MTA LIRR,0.355558745742317
217,2100005,MTA LIRR,http://www.mta.info/lirr,MTA LONG ISLAND RAIL ROAD,2100,Oyster Bay,http://web.mta.info/lirr/Timetable/Branch2/OysterBayBranch.pdf,3,CR,"NEW YORK-NEWARK, NY-NJ-CT",1,OPEN,http://web.mta.info/developers/developer-data-terms.html#data,2015-12-11T00:00:00.000Z,3 - MTA LIRR,0.607019195872609
218,2100006,MTA LIRR,http://www.mta.info/lirr,MTA LONG ISLAND RAIL ROAD,2100,Port Jefferson,http://web.mta.info/lirr/Timetable/Branch2/PortJeffersonBranch.pdf,10,CR,"NEW YORK-NEWARK, NY-NJ-CT",1,OPEN,http://web.mta.info/developers/developer-data-terms.html#data,2015-12-11T00:00:00.000Z,10 - MTA LIRR,1.24020756748495
219,2100007,MTA LIRR,http://www.mta.info/lirr,MTA LONG ISLAND RAIL ROAD,2100,Babylon,http://web.mta.info/lirr/Timetable/Branch2/BabylonBranch.pdf,1,CR,"NEW YORK-NEWARK, NY-NJ-CT",1,OPEN,http://web.mta.info/developers/developer-data-terms.html#data,2015-12-11T00:00:00.000Z,1 - MTA LIRR,0.886142066814392
220,2100008,MTA LIRR,http://www.mta.info/lirr,MTA LONG ISLAND RAIL ROAD,2100,Hempstead,http://web.mta.info/lirr/Timetable/Branch2/HempsteadBranch.pdf,2,CR,"NEW YORK-NEWARK, NY-NJ-CT",1,OPEN,http://web.mta.info/developers/developer-data-terms.html#data,2015-12-11T00:00:00.000Z,2 - MTA LIRR,0.569788493859738
221,2100009,MTA LIRR,http://www.mta.info/lirr,MTA LONG ISLAND RAIL ROAD,2100,Long Beach,http://web.mta.info/lirr/Timetable/Branch2/LongBeachBranch.pdf,6,CR,"NEW YORK-NEWARK, NY-NJ-CT",1,OPEN,http://web.mta.info/developers/developer-data-terms.html#data,2015-12-11T00:00:00.000Z,6 - MTA LIRR,0.604727988305056
222,2100010,MTA LIRR,http://www.mta.info/lirr,MTA LONG ISLAND RAIL ROAD,2100,Ronkonkoma,http://web.mta.info/lirr/Timetable/Branch2/RonkonkomaBranch.pdf,4,CR,"NEW YORK-NEWARK, NY-NJ-CT",1,OPEN,http://web.mta.info/developers/developer-data-terms.html#data,2015-12-11T00:00:00.000Z,4 - MTA LIRR,1.92926886380594
223,2100011,MTA LIRR,http://www.mta.info/lirr,MTA LONG ISLAND RAIL ROAD,2100,West Hempstead,http://web.mta.info/lirr/Timetable/Branch2/WestHempsteadBranch.pdf,8,CR,"NEW YORK-NEWARK, NY-NJ-CT",1,OPEN,http://web.mta.info/developers/developer-data-terms.html#data,2015-12-11T00:00:00.000Z,8 - MTA LIRR,0.580521692720067
224,9151007,Metrolink,http://www.metrolinktrains.com/,SOUTHERN CALIFORNIA REGIONAL RAIL AUTHORITY DBA: METROLINK,9151,91/Perris Valley Line,http://www.metrolinktrains.com/schedules/line/name/91%20Line/service_id/1150.html,91 Line,CR,"LOS ANGELES-LONG BEACH-ANAHEIM, CA",2,OPEN,http://www.metrolinktrains.com/help/page/title/developer_resources,2016-07-03T00:00:00.000Z,91 Line - Metrolink,1.35576067518162
225,5066001,CTA,http://www.transitchicago.com/,CHICAGO TRANSIT AUTHORITY,5066,Blue Line,http://www.transitchicago.com/blueline/,Blue,HR,"CHICAGO, IL-IN",3,OPEN,http://www.transitchicago.com/developers/gtfs.aspx,2015-10-13T00:00:00.000Z,Blue - CTA,0.512081086369054
226,5066002,CTA,http://www.transitchicago.com/,CHICAGO TRANSIT AUTHORITY,5066,Red Line,http://www.transitchicago.com/redline/,Red,HR,"CHICAGO, IL-IN",3,OPEN,http://www.transitchicago.com/developers/gtfs.aspx,2015-10-13T00:00:00.000Z,Red - CTA,0.326836749870489
227,5066003,CTA,http://www.transitchicago.com/,CHICAGO TRANSIT AUTHORITY,5066,Green Line,http://www.transitchicago.com/greenline/,G,HR,"CHICAGO, IL-IN",3,OPEN,http://www.transitchicago.com/developers/gtfs.aspx,2015-10-13T00:00:00.000Z,G - CTA,0.353257474298466
228,5066004,CTA,http://www.transitchicago.com/,CHICAGO TRANSIT AUTHORITY,5066,Brown Line,http://www.transitchicago.com/brownline/,Brn,HR,"CHICAGO, IL-IN",3,OPEN,http://www.transitchicago.com/developers/gtfs.aspx,2015-10-13T00:00:00.000Z,Brn - CTA,0.186470155556481
229,5066005,CTA,http://www.transitchicago.com/,CHICAGO TRANSIT AUTHORITY,5066,Yellow Line,http://www.transitchicago.com/yellowline/,Y,HR,"CHICAGO, IL-IN",3,OPEN,http://www.transitchicago.com/developers/gtfs.aspx,2015-10-13T00:00:00.000Z,Y - CTA,0.090360661929475
230,5066006,CTA,http://www.transitchicago.com/,CHICAGO TRANSIT AUTHORITY,5066,Orange Line,http://www.transitchicago.com/orangeline/,Org,HR,"CHICAGO, IL-IN",3,OPEN,http://www.transitchicago.com/developers/gtfs.aspx,2015-10-13T00:00:00.000Z,Org - CTA,0.210532238400265
231,5066007,CTA,http://www.transitchicago.com/,CHICAGO TRANSIT AUTHORITY,5066,Pink Line,http://www.transitchicago.com/pinkline/,Pink,HR,"CHICAGO, IL-IN",3,OPEN,http://www.transitchicago.com/developers/gtfs.aspx,2015-10-13T00:00:00.000Z,Pink - CTA,0.187066022597107
232,5066008,CTA,http://www.transitchicago.com/,CHICAGO TRANSIT AUTHORITY,5066,Purple Line,http://www.transitchicago.com/purpleline/,P,HR,"CHICAGO, IL-IN",3,OPEN,http://www.transitchicago.com/developers/gtfs.aspx,2015-10-13T00:00:00.000Z,P - CTA,0.247868930477244
233,3030001,WMATA,http://www.wmata.com/,WASHINGTON METROPOLITAN AREA TRANSIT AUTHORITY,3030,Metrorail Blue Line,https://www.wmata.com/rider-guide/stations/index.cfm?rail=blue,BLUE,HR,"WASHINGTON, DC-VA-MD",8,OPEN,http://www.wmata.com/rider_tools/developer_resources.cfm,2015-10-20T00:00:00.000Z,BLUE - WMATA,0.500953319858509
234,3030002,WMATA,http://www.wmata.com/,WASHINGTON METROPOLITAN AREA TRANSIT AUTHORITY,3030,Metrorail Green Line,https://www.wmata.com/rider-guide/stations/index.cfm?rail=green,GREEN,HR,"WASHINGTON, DC-VA-MD",8,OPEN,http://www.wmata.com/rider_tools/developer_resources.cfm,2015-10-20T00:00:00.000Z,GREEN - WMATA,0.373219560112935
235,3030003,WMATA,http://www.wmata.com/,WASHINGTON METROPOLITAN AREA TRANSIT AUTHORITY,3030,Metrorail Orange Line,https://www.wmata.com/rider-guide/stations/index.cfm?rail=orange,ORANGE,HR,"WASHINGTON, DC-VA-MD",8,OPEN,http://www.wmata.com/rider_tools/developer_resources.cfm,2015-10-20T00:00:00.000Z,ORANGE - WMATA,0.456797750723243
236,3030004,WMATA,http://www.wmata.com/,WASHINGTON METROPOLITAN AREA TRANSIT AUTHORITY,3030,Metrorail Red Line,https://www.wmata.com/rider-guide/stations/index.cfm?rail=red,RED,HR,"WASHINGTON, DC-VA-MD",8,OPEN,http://www.wmata.com/rider_tools/developer_resources.cfm,2015-10-20T00:00:00.000Z,RED - WMATA,0.488166741890947
237,3030005,WMATA,http://www.wmata.com/,WASHINGTON METROPOLITAN AREA TRANSIT AUTHORITY,3030,Metrorail Silver Line,https://www.wmata.com/rider-guide/stations/index.cfm?rail=silver,SILVER,HR,"WASHINGTON, DC-VA-MD",8,OPEN,http://www.wmata.com/rider_tools/developer_resources.cfm,2015-10-20T00:00:00.000Z,SILVER - WMATA,0.559712948822303
238,3030006,WMATA,http://www.wmata.com/,WASHINGTON METROPOLITAN AREA TRANSIT AUTHORITY,3030,Metrorail Yellow Line,https://www.wmata.com/rider-guide/stations/index.cfm?rail=yellow,YELLOW,HR,"WASHINGTON, DC-VA-MD",8,OPEN,http://www.wmata.com/rider_tools/developer_resources.cfm,2015-10-20T00:00:00.000Z,YELLOW - WMATA,0.490701173179867
239,3034001,MTA,http://mta.maryland.gov/,MARYLAND TRANSIT ADMINISTRATION,3034,BRUNSWICK - WASHINGTON,https://mta.maryland.gov/sites/default/files/Brunswick_Mar132017.pdf,7591,CR,"BALTIMORE, MD",19,OPEN,http://mta.maryland.gov/content/developer-resources,2015-08-17T00:00:00.000Z,7591 - MTA,1.47317358112731
240,3034002,MTA,http://mta.maryland.gov/,MARYLAND TRANSIT ADMINISTRATION,3034,CAMDEN - WASHINGTON,https://mta.maryland.gov/sites/default/files/Camden_Mar132017.pdf,7593,CR,"BALTIMORE, MD",19,OPEN,http://mta.maryland.gov/content/developer-resources,2015-08-17T00:00:00.000Z,7593 - MTA,0.595620167728935
241,3034003,MTA,http://mta.maryland.gov/,MARYLAND TRANSIT ADMINISTRATION,3034,METRO,https://mta.maryland.gov/metro-subway,7572,HR,"BALTIMORE, MD",19,OPEN,http://mta.maryland.gov/content/developer-resources,2015-08-17T00:00:00.000Z,7572 - MTA,0.250821009880017
242,3034004,MTA,http://mta.maryland.gov/,MARYLAND TRANSIT ADMINISTRATION,3034,LIGHT RAIL - HUNT VALLEY TO CROMWELL STATION/GLEN BURNIE,http://mta.maryland.gov/light-rail,7581,LR,"BALTIMORE, MD",19,OPEN,http://mta.maryland.gov/content/developer-resources,2015-08-17T00:00:00.000Z,7581 - MTA,0.407635266008383
243,3034005,MTA,http://mta.maryland.gov/,MARYLAND TRANSIT ADMINISTRATION,3034,LIGHT RAIL - HUNT VALLEY TO BWI MARSHALL AIRPORT,http://mta.maryland.gov/light-rail,7786,LR,"BALTIMORE, MD",19,OPEN,http://mta.maryland.gov/content/developer-resources,2015-08-17T00:00:00.000Z,7786 - MTA,0.412393840404205
244,3034006,MTA,http://mta.maryland.gov/,MARYLAND TRANSIT ADMINISTRATION,3034,LIGHT RAIL - PENN-CAMDEN SHUTTLE,http://mta.maryland.gov/light-rail,7789,LR,"BALTIMORE, MD",19,OPEN,http://mta.maryland.gov/content/developer-resources,2015-08-17T00:00:00.000Z,7789 - MTA,0.029957332327714
245,3034007,MTA,http://mta.maryland.gov/,MARYLAND TRANSIT ADMINISTRATION,3034,PENN - WASHINGTON,https://mta.maryland.gov/sites/default/files/Penn_Weekday_Mar13_full.pdf,7592,CR,"BALTIMORE, MD",19,OPEN,http://mta.maryland.gov/content/developer-resources,2015-08-17T00:00:00.000Z,7592 - MTA,1.27697792036789
246,3019001,SEPTA,http://www.septa.org/index.html,SOUTHEASTERN PENNSYLVANIA TRANSPORTATION AUTHORITY,3019,Airport Line,http://www.septa.org/schedules/rail/pdf/air.pdf,AIR,CR,"PHILADELPHIA, PA-NJ-DE-MD",5,OPEN,http://www3.septa.org/developer/,2015-12-04T00:00:00.000Z,AIR - SEPTA,0.199066253292649
247,3019002,SEPTA,http://www.septa.org/index.html,SOUTHEASTERN PENNSYLVANIA TRANSPORTATION AUTHORITY,3019,West Trenton Line,http://www.septa.org/schedules/rail/pdf/wtr.pdf,WTR,CR,"PHILADELPHIA, PA-NJ-DE-MD",5,OPEN,http://www3.septa.org/developer/,2015-12-04T00:00:00.000Z,WTR - SEPTA,0.586410530410805
248,3019003,SEPTA,http://www.septa.org/index.html,SOUTHEASTERN PENNSYLVANIA TRANSPORTATION AUTHORITY,3019,Media/Elwyn Line,http://www.septa.org/schedules/rail/pdf/elw.pdf,MED,CR,"PHILADELPHIA, PA-NJ-DE-MD",5,OPEN,http://www3.septa.org/developer/,2015-12-04T00:00:00.000Z,MED - SEPTA,0.311475689805586
249,3019004,SEPTA,http://www.septa.org/index.html,SOUTHEASTERN PENNSYLVANIA TRANSPORTATION AUTHORITY,3019,Lansdale/Doylestown Line,http://www.septa.org/schedules/rail/pdf/doy.pdf,LAN,CR,"PHILADELPHIA, PA-NJ-DE-MD",5,OPEN,http://www3.septa.org/developer/,2015-12-04T00:00:00.000Z,LAN - SEPTA,0.588368648335731
250,3019005,SEPTA,http://www.septa.org/index.html,SOUTHEASTERN PENNSYLVANIA TRANSPORTATION AUTHORITY,3019,Paoli/Thorndale Line,http://www.septa.org/schedules/rail/pdf/tho.pdf,PAO,CR,"PHILADELPHIA, PA-NJ-DE-MD",5,OPEN,http://www3.septa.org/developer/,2015-12-04T00:00:00.000Z,PAO - SEPTA,0.681007675989459
251,3019006,SEPTA,http://www.septa.org/index.html,SOUTHEASTERN PENNSYLVANIA TRANSPORTATION AUTHORITY,3019,Manayunk/Norristown Line,http://www.septa.org/schedules/rail/pdf/nor.pdf,NOR,CR,"PHILADELPHIA, PA-NJ-DE-MD",5,OPEN,http://www3.septa.org/developer/,2015-12-04T00:00:00.000Z,NOR - SEPTA,0.342723990671843
252,3019007,SEPTA,http://www.septa.org/index.html,SOUTHEASTERN PENNSYLVANIA TRANSPORTATION AUTHORITY,3019,Cynwyd Line,http://www.septa.org/schedules/rail/pdf/cyn.pdf,CYN,CR,"PHILADELPHIA, PA-NJ-DE-MD",5,OPEN,http://www3.septa.org/developer/,2015-12-04T00:00:00.000Z,CYN - SEPTA,0.10109905779162
253,3019008,SEPTA,http://www.septa.org/index.html,SOUTHEASTERN PENNSYLVANIA TRANSPORTATION AUTHORITY,3019,Chestnut Hill East Line,http://www.septa.org/schedules/rail/pdf/che.pdf,CHE,CR,"PHILADELPHIA, PA-NJ-DE-MD",5,OPEN,http://www3.septa.org/developer/,2015-12-04T00:00:00.000Z,CHE - SEPTA,0.209535275588445
254,3019009,SEPTA,http://www.septa.org/index.html,SOUTHEASTERN PENNSYLVANIA TRANSPORTATION AUTHORITY,3019,Trenton Line,http://www.septa.org/schedules/rail/pdf/tre.pdf,TRE,CR,"PHILADELPHIA, PA-NJ-DE-MD",5,OPEN,http://www3.septa.org/developer/,2015-12-04T00:00:00.000Z,TRE - SEPTA,0.615425487957197
255,3019010,SEPTA,http://www.septa.org/index.html,SOUTHEASTERN PENNSYLVANIA TRANSPORTATION AUTHORITY,3019,Fox Chase Line,http://www.septa.org/schedules/rail/pdf/fxc.pdf,FOX,CR,"PHILADELPHIA, PA-NJ-DE-MD",5,OPEN,http://www3.septa.org/developer/,2015-12-04T00:00:00.000Z,FOX - SEPTA,0.217596831547485
256,3019011,SEPTA,http://www.septa.org/index.html,SOUTHEASTERN PENNSYLVANIA TRANSPORTATION AUTHORITY,3019,Chestnut Hill West Line,http://www.septa.org/schedules/rail/pdf/chw.pdf,CHW,CR,"PHILADELPHIA, PA-NJ-DE-MD",5,OPEN,http://www3.septa.org/developer/,2015-12-04T00:00:00.000Z,CHW - SEPTA,0.235903328041228
257,3019012,SEPTA,http://www.septa.org/index.html,SOUTHEASTERN PENNSYLVANIA TRANSPORTATION AUTHORITY,3019,Warminster Line,http://www.septa.org/schedules/rail/pdf/war.pdf,WAR,CR,"PHILADELPHIA, PA-NJ-DE-MD",5,OPEN,http://www3.septa.org/developer/,2015-12-04T00:00:00.000Z,WAR - SEPTA,0.356105833773547
258,3019013,SEPTA,http://www.septa.org/index.html,SOUTHEASTERN PENNSYLVANIA TRANSPORTATION AUTHORITY,3019,Wilmington/Newark Line,http://www.septa.org/schedules/rail/pdf/nwk.pdf,WIL,CR,"PHILADELPHIA, PA-NJ-DE-MD",5,OPEN,http://www3.septa.org/developer/,2015-12-04T00:00:00.000Z,WIL - SEPTA,0.646648164434471
259,3019014,SEPTA,http://www.septa.org/index.html,SOUTHEASTERN PENNSYLVANIA TRANSPORTATION AUTHORITY,3019,101,http://www.septa.org/schedules/trolley/pdf/101.pdf,15191,SR,"PHILADELPHIA, PA-NJ-DE-MD",5,OPEN,http://www3.septa.org/developer/,2015-12-04T00:00:00.000Z,15191 - SEPTA,0.151783498206259
260,3019015,SEPTA,http://www.septa.org/index.html,SOUTHEASTERN PENNSYLVANIA TRANSPORTATION AUTHORITY,3019,102,http://www.septa.org/schedules/trolley/pdf/102.pdf,15193,SR,"PHILADELPHIA, PA-NJ-DE-MD",5,OPEN,http://www3.septa.org/developer/,2015-12-04T00:00:00.000Z,15193 - SEPTA,0.086387838298602
261,3019016,SEPTA,http://www.septa.org/index.html,SOUTHEASTERN PENNSYLVANIA TRANSPORTATION AUTHORITY,3019,Norristown High Speed Line,http://www.septa.org/schedules/transit/pdf/nhsl.pdf,15217,LR,"PHILADELPHIA, PA-NJ-DE-MD",5,OPEN,http://www3.septa.org/developer/,2015-12-04T00:00:00.000Z,15217 - SEPTA,0.214667971275946
262,3019017,SEPTA,http://www.septa.org/index.html,SOUTHEASTERN PENNSYLVANIA TRANSPORTATION AUTHORITY,3019,Broad Street Line,http://www.septa.org/schedules/transit/pdf/bsl.pdf,15241,HR,"PHILADELPHIA, PA-NJ-DE-MD",5,OPEN,http://www3.septa.org/developer/,2015-12-04T00:00:00.000Z,15241 - SEPTA,0.164594885410271
263,3019018,SEPTA,http://www.septa.org/index.html,SOUTHEASTERN PENNSYLVANIA TRANSPORTATION AUTHORITY,3019,Market-Frankford Line,http://www.septa.org/schedules/transit/pdf/mfl.pdf,15243,HR,"PHILADELPHIA, PA-NJ-DE-MD",5,OPEN,http://www3.septa.org/developer/,2015-12-04T00:00:00.000Z,15243 - SEPTA,0.224004632620614
264,3019019,SEPTA,http://www.septa.org/index.html,SOUTHEASTERN PENNSYLVANIA TRANSPORTATION AUTHORITY,3019,10,http://www.septa.org/schedules/trolley/pdf/010.pdf,15257,SR,"PHILADELPHIA, PA-NJ-DE-MD",5,OPEN,http://www3.septa.org/developer/,2015-12-04T00:00:00.000Z,15257 - SEPTA,0.103833006274106
265,3019020,SEPTA,http://www.septa.org/index.html,SOUTHEASTERN PENNSYLVANIA TRANSPORTATION AUTHORITY,3019,11,http://www.septa.org/schedules/trolley/pdf/011.pdf,15258,SR,"PHILADELPHIA, PA-NJ-DE-MD",5,OPEN,http://www3.septa.org/developer/,2015-12-04T00:00:00.000Z,15258 - SEPTA,0.116181326017821
266,3019021,SEPTA,http://www.septa.org/index.html,SOUTHEASTERN PENNSYLVANIA TRANSPORTATION AUTHORITY,3019,13,http://www.septa.org/schedules/trolley/pdf/013.pdf,15260,SR,"PHILADELPHIA, PA-NJ-DE-MD",5,OPEN,http://www3.septa.org/developer/,2015-12-04T00:00:00.000Z,15260 - SEPTA,0.133841823214443
267,3019022,SEPTA,http://www.septa.org/index.html,SOUTHEASTERN PENNSYLVANIA TRANSPORTATION AUTHORITY,3019,15,http://www.septa.org/schedules/trolley/pdf/015.pdf,15262,SR,"PHILADELPHIA, PA-NJ-DE-MD",5,OPEN,http://www3.septa.org/developer/,2015-12-04T00:00:00.000Z,15262 - SEPTA,0.127231092541987
268,3019023,SEPTA,http://www.septa.org/index.html,SOUTHEASTERN PENNSYLVANIA TRANSPORTATION AUTHORITY,3019,34,http://www.septa.org/schedules/trolley/pdf/034.pdf,15288,SR,"PHILADELPHIA, PA-NJ-DE-MD",5,OPEN,http://www3.septa.org/developer/,2015-12-04T00:00:00.000Z,15288 - SEPTA,0.091362978207651
269,3019024,SEPTA,http://www.septa.org/index.html,SOUTHEASTERN PENNSYLVANIA TRANSPORTATION AUTHORITY,3019,36,http://www.septa.org/schedules/trolley/pdf/036.pdf,15290,SR,"PHILADELPHIA, PA-NJ-DE-MD",5,OPEN,http://www3.septa.org/developer/,2015-12-04T00:00:00.000Z,15290 - SEPTA,0.121705307393405
270,8001,TRIMET,http://trimet.org/,TRI-COUNTY METROPOLITAN TRANSPORTATION DISTRICT OF OREGON,0008,MAX Yellow Line,https://trimet.org/schedules/maxyellowline.htm,190,LR,"PORTLAND, OR-WA",24,OPEN,http://developer.trimet.org/GTFS.shtml,2015-11-22T00:00:00.000Z,190 - TRIMET,0.142780453420163
271,8002,TRIMET,http://portlandstreetcar.org/,TRI-COUNTY METROPOLITAN TRANSPORTATION DISTRICT OF OREGON,0008,Portland Streetcar NS Line,https://portlandstreetcar.org/schedules/ns-line/north/weekdays,193,SR,"PORTLAND, OR-WA",24,OPEN,http://developer.trimet.org/GTFS.shtml,2015-11-22T00:00:00.000Z,193 - TRIMET,0.125214781962397
272,8003,TRIMET,http://portlandstreetcar.org/,TRI-COUNTY METROPOLITAN TRANSPORTATION DISTRICT OF OREGON,0008,Portland Streetcar A Loop,https://portlandstreetcar.org/schedules/a-loop/clockwise/weekdays,194,SR,"PORTLAND, OR-WA",24,OPEN,http://developer.trimet.org/GTFS.shtml,2015-11-22T00:00:00.000Z,194 - TRIMET,0.103459017314929
273,8004,TRIMET,http://portlandstreetcar.org/,TRI-COUNTY METROPOLITAN TRANSPORTATION DISTRICT OF OREGON,0008,Portland Streetcar B Loop,https://portlandstreetcar.org/schedules/b-loop/counter-clockwise/weekdays,195,SR,"PORTLAND, OR-WA",24,OPEN,http://developer.trimet.org/GTFS.shtml,2015-11-22T00:00:00.000Z,195 - TRIMET,0.105250097440104
274,8005,TRIMET,http://trimet.org/,TRI-COUNTY METROPOLITAN TRANSPORTATION DISTRICT OF OREGON,0008,MAX Green Line,https://trimet.org/schedules/maxgreenline.htm,200,LR,"PORTLAND, OR-WA",24,OPEN,http://developer.trimet.org/GTFS.shtml,2015-11-22T00:00:00.000Z,200 - TRIMET,0.263835550847678
275,8006,TRIMET,http://trimet.org/,TRI-COUNTY METROPOLITAN TRANSPORTATION DISTRICT OF OREGON,0008,MAX Red Line,https://trimet.org/schedules/maxredline.htm,90,LR,"PORTLAND, OR-WA",24,OPEN,http://developer.trimet.org/GTFS.shtml,2015-11-22T00:00:00.000Z,90 - TRIMET,0.389551659507965
276,8007,TRIMET,http://trimet.org/,TRI-COUNTY METROPOLITAN TRANSPORTATION DISTRICT OF OREGON,0008,MAX Blue Line,https://trimet.org/schedules/maxblueline.htm,100,LR,"PORTLAND, OR-WA",24,OPEN,http://developer.trimet.org/GTFS.shtml,2015-11-22T00:00:00.000Z,100 - TRIMET,0.650143090613566
277,8008,TRIMET,http://trimet.org/,TRI-COUNTY METROPOLITAN TRANSPORTATION DISTRICT OF OREGON,0008,WES Commuter Rail,https://trimet.org/wes/index.htm,203,CR,"PORTLAND, OR-WA",24,OPEN,http://developer.trimet.org/GTFS.shtml,2015-11-22T00:00:00.000Z,203 - TRIMET,0.23408575120493
278,8009,TRIMET,http://trimet.org/,TRI-COUNTY METROPOLITAN TRANSPORTATION DISTRICT OF OREGON,0008,MAX Orange Line,https://trimet.org/schedules/maxorangeline.htm,290,LR,"PORTLAND, OR-WA",24,OPEN,http://developer.trimet.org/GTFS.shtml,2015-11-22T00:00:00.000Z,290 - TRIMET,0.138616183720918
279,9015001,MUNI,https://www.sfmta.com/,SAN FRANCISCO MUNICIPAL TRANSPORTATION AGENCY DBA: MUNI,9015,Powell-Hyde,https://www.sfmta.com/getting-around/transit/routes-stops/powell-hyde,1060,CC,"SAN FRANCISCO-OAKLAND, CA",13,OPEN,https://www.sfmta.com/about-sfmta/reports/gtfs-transit-data,2015-11-01T00:00:00.000Z,1060 - MUNI,0.041539042877155
280,9015002,MUNI,https://www.sfmta.com/,SAN FRANCISCO MUNICIPAL TRANSPORTATION AGENCY DBA: MUNI,9015,CALIFORNIA,https://www.sfmta.com/getting-around/transit/routes-stops/california,10916,CC,"SAN FRANCISCO-OAKLAND, CA",13,OPEN,https://www.sfmta.com/about-sfmta/reports/gtfs-transit-data,2015-11-01T00:00:00.000Z,10916 - MUNI,0.026051215591794
281,9015003,MUNI,https://www.sfmta.com/,SAN FRANCISCO MUNICIPAL TRANSPORTATION AGENCY DBA: MUNI,9015,POWELL-MASON,https://www.sfmta.com/getting-around/transit/routes-stops/powell-mason,1059,CC,"SAN FRANCISCO-OAKLAND, CA",13,OPEN,https://www.sfmta.com/about-sfmta/reports/gtfs-transit-data,2015-11-01T00:00:00.000Z,1059 - MUNI,0.026225079823104
282,9015004,MUNI,https://www.sfmta.com/,SAN FRANCISCO MUNICIPAL TRANSPORTATION AGENCY DBA: MUNI,9015,EMBARCADERO,https://www.sfmta.com/getting-around/transit/routes-stops/e-embarcadero,11029,SR,"SAN FRANCISCO-OAKLAND, CA",13,OPEN,https://www.sfmta.com/about-sfmta/reports/gtfs-transit-data,2015-11-01T00:00:00.000Z,11029 - MUNI,0.06328060272042
283,9015005,MUNI,https://www.sfmta.com/,SAN FRANCISCO MUNICIPAL TRANSPORTATION AGENCY DBA: MUNI,9015,JUDAH,https://www.sfmta.com/getting-around/transit/routes-stops/n-judah,1093,LR,"SAN FRANCISCO-OAKLAND, CA",13,OPEN,https://www.sfmta.com/about-sfmta/reports/gtfs-transit-data,2015-11-01T00:00:00.000Z,1093 - MUNI,0.151040658417082
284,9015006,MUNI,https://www.sfmta.com/,SAN FRANCISCO MUNICIPAL TRANSPORTATION AGENCY DBA: MUNI,9015,CHURCH,https://www.sfmta.com/getting-around/transit/routes-stops/j-church,1094,LR,"SAN FRANCISCO-OAKLAND, CA",13,OPEN,https://www.sfmta.com/about-sfmta/reports/gtfs-transit-data,2015-11-01T00:00:00.000Z,1094 - MUNI,0.110017873295825
285,9015007,MUNI,https://www.sfmta.com/,SAN FRANCISCO MUNICIPAL TRANSPORTATION AGENCY DBA: MUNI,9015,INGLESIDE/THIRD,https://www.sfmta.com/getting-around/transit/routes-stops/k-t-kt-k-inglesidet-third-street,1196,LR,"SAN FRANCISCO-OAKLAND, CA",13,OPEN,https://www.sfmta.com/about-sfmta/reports/gtfs-transit-data,2015-11-01T00:00:00.000Z,1196 - MUNI,0.236235342644697
286,9015008,MUNI,https://www.sfmta.com/,SAN FRANCISCO MUNICIPAL TRANSPORTATION AGENCY DBA: MUNI,9015,TARAVAL,https://www.sfmta.com/getting-around/transit/routes-stops/l-taraval,1198,LR,"SAN FRANCISCO-OAKLAND, CA",13,OPEN,https://www.sfmta.com/about-sfmta/reports/gtfs-transit-data,2015-11-01T00:00:00.000Z,1198 - MUNI,0.137706200721737
287,9015009,MUNI,https://www.sfmta.com/,SAN FRANCISCO MUNICIPAL TRANSPORTATION AGENCY DBA: MUNI,9015,OCEAN VIEW,https://www.sfmta.com/getting-around/transit/routes-stops/m-ocean-view,1199,LR,"SAN FRANCISCO-OAKLAND, CA",13,OPEN,https://www.sfmta.com/about-sfmta/reports/gtfs-transit-data,2015-11-01T00:00:00.000Z,1199 - MUNI,0.147448222533092
288,9015010,MUNI,https://www.sfmta.com/,SAN FRANCISCO MUNICIPAL TRANSPORTATION AGENCY DBA: MUNI,9015,CASTRO SHUTTLE,NOT AVAILABLE,1197,LR,"SAN FRANCISCO-OAKLAND, CA",13,OPEN,https://www.sfmta.com/about-sfmta/reports/gtfs-transit-data,2015-11-01T00:00:00.000Z,1197 - MUNI,0.123013889228938
289,9015011,MUNI,https://www.sfmta.com/,SAN FRANCISCO MUNICIPAL TRANSPORTATION AGENCY DBA: MUNI,9015,MARKET & WHARVES,https://www.sfmta.com/getting-around/transit/routes-stops/f-market-wharves,10928,SR,"SAN FRANCISCO-OAKLAND, CA",13,OPEN,https://www.sfmta.com/about-sfmta/reports/gtfs-transit-data,2015-11-01T00:00:00.000Z,10928 - MUNI,0.095899928724759
290,2098006,PANYNJ,http://www.panynj.gov/port-authority-ny-nj.html,PORT AUTHORITY OF NEW YORK AND NEW JERSEY,2098,Howard Beach,http://www.panynj.gov/airports/jfk-airtrain.html,2878,MG,"NEW YORK-NEWARK, NY-NJ-CT",1,OPEN,http://www.panynj.gov/airports/pdf/jfk-airtrain-brochure-english.pdf,2016-06-03T00:00:00.000Z,2878 - PANYNJ,0.085435449278653
291,2098007,PANYNJ,http://www.panynj.gov/port-authority-ny-nj.html,PORT AUTHORITY OF NEW YORK AND NEW JERSEY,2098,Jamaica Line,http://www.panynj.gov/airports/jfk-airtrain.html,2879,MG,"NEW YORK-NEWARK, NY-NJ-CT",1,OPEN,http://www.panynj.gov/airports/pdf/jfk-airtrain-brochure-english.pdf,2016-06-03T00:00:00.000Z,2879 - PANYNJ,0.102197927161672
292,2098008,PANYNJ,http://www.panynj.gov/port-authority-ny-nj.html,PORT AUTHORITY OF NEW YORK AND NEW JERSEY,2098,Airline Terminal,http://www.panynj.gov/airports/jfk-airtrain.html,2877,MG,"NEW YORK-NEWARK, NY-NJ-CT",1,OPEN,http://www.panynj.gov/airports/pdf/jfk-airtrain-brochure-english.pdf,2016-06-03T00:00:00.000Z,2877 - PANYNJ,0.028019831353963
293,2098009,PANYNJ,http://www.panynj.gov/port-authority-ny-nj.html,PORT AUTHORITY OF NEW YORK AND NEW JERSEY,2098,AirTrain Newark,http://www.panynj.gov/airports/ewr-airtrain.html,ATN01,MG,"NEW YORK-NEWARK, NY-NJ-CT",1,OPEN,http://www.panynj.gov/airports/pdf/ewr-airtrain-brochure-english.pdf,2016-06-03T00:00:00.000Z,ATN01 - PANYNJ,0.04800112315366
294,8006007,RTD,http://www.rtd-denver.com/,DENVER REGIONAL TRANSPORTATION DISTRICT,8006,Union Station to Denver Airport Station,http://www.rtd-denver.com/Schedules.shtml#lightrail ,A,CR,"DENVER-AURORA, CO",18,OPEN,http://www.rtd-denver.com/GoogleFeeder/,2016-05-20T00:00:00.000Z,A - RTD,0.408241948268898
295,9209001,VMR,http://www.valleymetro.org/,"VALLEY METRO RAIL, INC.",9209,Metro Light Rail,http://routes.valleymetro.org/timetables/938/transit_route?type=1,LTRL,LR,"PHOENIX-MESA, AZ",12,OPEN,https://www.phoenix.gov/publictransitsite/Documents/google_transit.zip,2016-04-20T00:00:00.000Z,LTRL - VMR,0.478160293448646
296,7005001,KCATA,http://kcstreetcar.org/,KANSAS CITY STREETCAR AUTHORITY,7005,KC Streetcar,http://kcstreetcar.org/route/,601,SR,"KANSAS CITY, MO-KS",31,OPEN,http://www.kc-metro.com/gtf/google_transit.zip,2016-04-28T00:00:00.000Z,601 - KCATA,0.033903302831558
297,3030007,WMATA,http://www.wmata.com/,WASHINGTON METROPOLITAN AREA TRANSIT AUTHORITY,3030,DCSTREET,http://www.dcstreetcar.com/riding/schedule/,164,SR,"WASHINGTON, DC-VA-MD",8,OPEN,http://www.wmata.com/rider_tools/developer_resources.cfm,2016-06-27T00:00:00.000Z,164 - WMATA,0.035267346060084
298,8006008,RTD,http://www.rtd-denver.com/,DENVER REGIONAL TRANSPORTATION DISTRICT,8006,Union Station to Westminster Station,http://www.rtd-denver.com/Schedules.shtml#lightrail ,113B,CR,"DENVER-AURORA, CO",18,OPEN,http://www.rtd-denver.com/GoogleFeeder/,2016-08-12T00:00:00.000Z,113B - RTD,0.090920405791734
299,8006009,RTD,http://www.rtd-denver.com/,DENVER REGIONAL TRANSPORTATION DISTRICT,8006,Lincoln Station to Peoria Station,http://www.rtd-denver.com/Schedules.shtml#lightrail ,101R,LR,"DENVER-AURORA, CO",18,OPEN,http://www.rtd-denver.com/GoogleFeeder/,2017-02-21T00:00:00.000Z,101R - RTD,0.320592882279653
300,8006010,RTD,http://www.rtd-denver.com/,DENVER REGIONAL TRANSPORTATION DISTRICT,8006,Light Rail G Line,http://www.rtd-denver.com/g-line.shtml,101G,LR,"DENVER-AURORA, CO",18,UNDER CONSTRUCTION,http://www.rtd-denver.com/lightrail.shtml,2016-11-29T00:00:00.000Z,101G - RTD,0.190805700361677
301,5012001,SORTA,http://www.cincinnatibellconnector.com/,SOUTHWEST OHIO REGIONAL TRANSIT AUTHORITY,5012,Cincinnati Bell Connector,http://www.cincinnatibellconnector.com/how-to-ride/how-to-ride-2/route-and-station-stops,100,SR,"CINCINNATI, OH-KY-IN",30,OPEN,http://www.go-metro.com/about-metro/developer-data,2016-11-23T00:00:00.000Z,100 - SORTA,0.054236422165286
302,4003001,MATA,http://www.matatransit.com/,MEMPHIS AREA TRANSIT AUTHORITY,4003,Main Street Line,http://www.matatransit.com/services/trolleys,MATA01,SR,"MEMPHIS, TN-MS-AR",41,CLOSED,http://www.matatransit.com/services/trolleys,2016-12-13T00:00:00.000Z,MATA01 - MATA,0.027299186201921
303,4003002,MATA,http://www.matatransit.com/,MEMPHIS AREA TRANSIT AUTHORITY,4003,Madison Avenue Line,http://www.matatransit.com/services/trolleys,MATA02,SR,"MEMPHIS, TN-MS-AR",41,CLOSED,http://www.matatransit.com/services/trolleys,2016-12-13T00:00:00.000Z,MATA02 - MATA,0.037732177138458
304,4003003,MATA,http://www.matatransit.com/,MEMPHIS AREA TRANSIT AUTHORITY,4003,Riverfront Line,http://www.matatransit.com/services/trolleys,MATA03,SR,"MEMPHIS, TN-MS-AR",41,CLOSED,http://www.matatransit.com/services/trolleys,2016-12-13T00:00:00.000Z,MATA03 - MATA,0.061517508577171
305,4029001,BCT,https://wavestreetcar.com/,BROWARD COUNTY TRANSIT,4029,WAVE STREETCAR,https://wavestreetcar.com/streetcar-route/,WS01,SR,"MIAMI, FL",4,PLANNED,http://wavestreetcar.com/streetcar-route/,2016-12-15T00:00:00.000Z,BCT - WS01,0.049925523974215
306,9209002,VMR,http://www.valleymetro.org/,"VALLEY METRO RAIL, INC.",9209,Tempe Streetcar,http://www.valleymetro.org/projects_and_planning/project_detail/tempe_streetcar/,SCRL,SR,"PHOENIX-MESA, AZ",12,PLANNED,http://www.valleymetro.org/projects_and_planning/project_detail/tempe_streetcar/,2016-12-16T00:00:00.000Z,SCRL - VMR,0.058554842235513
307,6006001,Sun Metro,http://www.sunmetro.net,MASS TRANSIT DEPARTMENT - CITY OF EL PASO (SUN METRO),6006,EL PASO STREETCAR,http://www.sunmetro.net/streetcar,SM01,SR,"EL PASO, TX-NM",53,UNDER CONSTRUCTION,http://www.sunmetro.net/~/media/files/sunmetro/streetcar%20route%20map.ashx?la=en,2016-12-19T00:00:00.000Z,SM01 - Sun Metro,0.074249849408001
308,1003021,MBTA,http://www.capeflyer.com/,MASSACHUSETTS BAY TRANSPORTATION AUTHORITY,1003,CapeFLYER,http://capeflyer.com/reservations-tickets/capeflyer-trainpricing-routes/,CapeFlyer,CR,"BOSTON, MA-NH-RI",10,OPEN,http://www.mbta.com/rider_tools/developers/default.asp?id=21895,2016-12-16T00:00:00.000Z,CapeFlyer - MBTA,1.32898794418628
309,6007001,FWTA,http://www.texrail.com/,FORT WORTH TRANSPORTATION AUTHORITY,6007,TEX Rail,http://www.texrail.com/maps/,TR01,CR,"DALLAS-FORT WORTH-ARLINGTON, TX",6,UNDER CONSTRUCTION,http://www.texrail.com/maps/,2017-03-24T00:00:00.000Z,TR01 - FWTA,0.426705525399367
310,9003007,BART,http://www.bart.gov/,SAN FRANCISCO BAY AREA RAPID TRANSIT DISTRICT,9003,eBART Extension,http://www.bart.gov/about/projects/ecc,EB01,LR,"SAN FRANCISCO-OAKLAND, CA",13,UNDER CONSTRUCTION,http://www.bart.gov/about/projects/ecc,2016-12-19T00:00:00.000Z,EB01 - BART,0.147433762258736
311,9003008,BART,http://www.bart.gov/,SAN FRANCISCO BAY AREA RAPID TRANSIT DISTRICT,9003,Silicon Valley Extension,http://www.bart.gov/about/projects?qt-view__projects__block_1=12#qt-view__projects__block_1,SVE01,HR,"SAN FRANCISCO-OAKLAND, CA",13,UNDER CONSTRUCTION,http://www.vta.org/bart/,2017-03-28T00:00:00.000Z,SVE01 - BART,0.148989196556974
312,4008003,CATS,http://charmeck.org/city/charlotte/cats/Pages/default.aspx,CHARLOTTE AREA TRANSIT SYSTEM,4008,Lynx Blue Line Extension,http://charlottenc.gov/cats/transit-planning/blue-line-extension/Pages/default.aspx,LYNX-BLE,LR,"CHARLOTTE, NC-SC",38,UNDER CONSTRUCTION,http://charlottenc.gov/cats/transit-planning/blue-line-extension/Documents/BLE-Projec-tMap.pdf,2017-03-29T00:00:00.000Z,LYNX-BLE - CATS,0.148664565851517
313,4232002,SunRail,http://sunrail.com/,CENTRAL FLORIDA COMMUTER RAIL,4232,Phase 2 South Expansion,http://corporate.sunrail.com/expansion/phase-2-expansion/,2SE,CR,"ORLANDO, FL",32,UNDER CONSTRUCTION,http://corporate.sunrail.com/stations-trains/phase-2--south-stations/,2017-04-10T00:00:00.000Z,2SE - SunRail,0.261196848037733
314,4232003,SunRail,http://sunrail.com/,CENTRAL FLORIDA COMMUTER RAIL,4232,Phase 2 North Expansion,http://corporate.sunrail.com/stations-trains/phase-2-north-stations/,2NE,CR,"ORLANDO, FL",32,PLANNED,http://corporate.sunrail.com/stations-trains/phase-2--north-stations/,2017-04-10T00:00:00.000Z,2NE - SunRail,0.173918006212277
315,9029001,ARROW,http://www.redlandsrailproject.org/,OMNITRANS,9029,Redlands Passenger Rail,http://www.gosbcta.com/plans-projects/projects/arrow/ArrowFactSheet.pdf,ARROW01,CR,"RIVERSIDE-SAN BERNARDINO, CA",22,PLANNED,http://www.redlandsrailproject.org/frequently-asked-questions/,2017-04-18T00:00:00.000Z,ARROW01 - ARROW,0.164082372358188
316,3030008,WMATA,http://www.wmata.com/,WASHINGTON METROPOLITAN AREA TRANSIT AUTHORITY,3030,Metrorail Silver Line Extension,http://www.dullesmetro.com/about-dulles-rail/,SILVEREXT,HR,"WASHINGTON, DC-VA-MD",8,UNDER CONSTRUCTION,http://www.fairfaxcounty.gov/fcdot/images/railmap_dullesmetro.gif,2017-06-12T00:00:00.000Z,SILVEREXT - WMATA,0.19174190620183
